player_id,career_seasons,career_g,career_ws,career_ws_per_48,career_bpm,career_vorp,peak_bpm,window_seasons,early_vorp_sum,early_bpm_mean,early_ws_sum,early_per_mean,outcome_tier
jamesle01,23.0,1622.0,276.8,0.218,8.4,159.4,13.2,5,39.3,7.68,64.6,25.14,superstar
milicda01,10.0,468.0,7.1,0.04,-2.4,-0.9,0.6,5,0.1,-4.26,1.9,10.48,bust
anthoca01,19.0,1260.0,108.5,0.12,1.3,36.7,5.0,5,10.6,1.02,35.9,19.9,superstar
boshch01,13.0,893.0,106.0,0.159,1.9,31.1,4.4,5,12.6,1.8,42.5,20.44,superstar
wadedw01,16.0,1054.0,120.7,0.162,5.0,62.8,10.6,5,21.1,4.96,42.1,23.74,superstar
kamanch01,13.0,735.0,24.6,0.06,-1.9,0.4,0.3,5,0.3,-2.02,14.7,13.62,rotation
hinriki01,13.0,879.0,52.5,0.093,0.0,13.3,2.8,5,11.0,1.1,32.6,14.8,all_star
fordtj01,8.0,429.0,16.9,0.068,-0.4,4.6,2.5,5,3.4,-0.05,10.8,15.93,starter
sweetmi01,4.0,233.0,7.8,0.103,-2.7,-0.6,-1.2,4,-0.7,-2.82,7.7,14.6,bust
hayesja01,7.0,427.0,10.2,0.049,-2.5,-1.3,-0.6,5,-1.0,-2.24,7.3,11.28,bust
pietrmi01,10.0,557.0,19.7,0.079,-0.9,3.2,0.9,5,1.2,-1.26,10.6,12.56,starter
collini01,14.0,910.0,44.5,0.115,-1.3,3.1,0.9,5,-0.3,-2.17,15.3,14.55,starter
banksma01,8.0,348.0,6.6,0.057,-2.0,-0.1,0.1,5,0.1,-2.42,7.2,12.16,bust
ridnolu01,12.0,830.0,36.0,0.08,-0.6,7.5,2.2,5,3.0,-1.12,14.2,13.74,starter
gainere01,3.0,71.0,-0.6,-0.049,-6.1,-0.6,-5.0,5,-0.8,-6.22,-0.8,4.58,bust
belltr01,1.0,6.0,-0.2,-0.326,-19.6,-0.2,-19.6,1,-0.2,-19.6,-0.2,-4.5,bust
cabarza01,3.0,150.0,1.1,0.035,-3.9,-0.7,6.6,5,-0.5,-1.06,2.5,16.82,bust
westda01,15.0,1034.0,85.8,0.141,1.7,27.6,4.0,5,6.4,0.02,24.0,17.1,superstar
pavloal01,10.0,567.0,7.0,0.038,-3.4,-3.1,-0.8,5,-1.8,-3.54,5.5,8.78,bust
jonesda02,13.0,624.0,9.9,0.048,-3.7,-4.1,-0.6,5,-2.0,-4.14,2.2,8.64,bust
diawbo01,14.0,1064.0,51.6,0.086,0.1,15.5,2.8,5,5.0,-0.68,17.4,12.22,all_star
planizo01,3.0,148.0,1.5,0.046,-3.5,-0.6,-1.0,3,-0.7,-3.37,1.6,9.8,bust
outlatr01,11.0,622.0,16.5,0.061,-1.4,2.1,1.4,5,1.7,-0.52,7.8,15.14,rotation
cookbr01,9.0,421.0,10.2,0.086,-1.6,0.5,-0.1,5,1.1,-1.34,9.8,13.42,rotation
delfica01,8.0,507.0,22.5,0.093,0.5,7.2,1.5,5,1.6,-1.3,8.4,11.4,starter
ebind01,2.0,19.0,0.1,0.051,-3.8,0.0,-2.4,2,0.0,-4.3,0.1,13.55,bust
perkike01,14.0,782.0,27.9,0.078,-1.9,0.6,0.7,5,0.8,-1.36,10.7,14.0,rotation
barbole01,14.0,850.0,37.4,0.098,-0.2,8.6,2.7,5,5.9,0.1,21.2,14.96,starter
howarjo01,10.0,507.0,38.0,0.119,0.6,10.0,3.1,5,10.2,1.52,33.4,17.82,all_star
lampema01,3.0,64.0,-0.2,-0.014,-7.0,-0.8,-4.8,5,-1.4,-9.42,-0.4,5.68,bust
kaponja01,9.0,509.0,10.3,0.055,-2.6,-1.3,-0.5,5,0.1,-2.2,9.1,11.12,bust
waltolu01,10.0,564.0,13.5,0.067,-1.0,2.5,0.9,5,2.8,-0.34,11.1,12.54,rotation
beaslje01,1.0,2.0,0.0,-0.117,-5.2,0.0,-5.2,1,0.0,-5.2,0.0,5.9,bust
schorso01,,,,,,,,0,,,,,bust
szewcsz01,,,,,,,,0,,,,,bust
austima01,,,,,,,,0,,,,,bust
hansetr01,1.0,41.0,0.2,0.019,-6.2,-0.5,-6.2,1,-0.5,-6.2,0.2,7.2,bust
blakest01,13.0,870.0,29.1,0.067,-1.2,4.2,1.5,5,-0.4,-2.78,5.8,10.1,starter
vranesl01,1.0,1.0,0.0,-0.371,-26.2,0.0,-26.2,1,0.0,-26.2,0.0,-20.4,bust
zimmede01,1.0,2.0,0.0,0.004,-10.4,-0.1,-10.4,1,-0.1,-10.4,0.0,5.5,bust
greenwi01,12.0,731.0,12.9,0.042,-2.7,-2.7,-0.5,5,-2.1,-4.06,1.4,10.42,bust
pachuza01,16.0,1098.0,52.7,0.114,-1.5,2.9,0.6,5,-0.6,-3.02,13.0,13.6,rotation
boganke01,11.0,671.0,20.4,0.068,-1.5,1.9,0.6,5,-0.5,-2.06,6.1,10.76,rotation
badiama01,,,,,,,,0,,,,,bust
bonnema01,12.0,792.0,38.5,0.138,1.0,10.1,2.6,5,2.2,-0.3,12.5,14.3,all_star
becirsa01,,,,,,,,0,,,,,bust
willima01,13.0,818.0,40.0,0.08,-0.3,10.0,2.3,5,2.9,-1.16,12.6,14.36,all_star
langja01,1.0,11.0,0.1,0.047,-6.4,-0.1,-6.4,1,-0.1,-6.4,0.1,6.6,bust
jonesja02,14.0,709.0,25.2,0.109,-0.1,5.4,3.2,5,3.1,-0.68,12.4,10.6,starter
morlepa01,,,,,,,,0,,,,,bust
korveky01,17.0,1232.0,73.4,0.113,0.6,20.7,2.8,5,5.6,0.06,21.0,12.44,all_star
vandera01,,,,,,,,0,,,,,bust
smithto03,,,,,,,,0,,,,,bust
sinanne01,,,,,,,,0,,,,,bust
rickeri01,,,,,,,,0,,,,,bust
huntebr01,2.0,67.0,0.7,0.055,-3.7,-0.3,-2.4,2,-0.2,-4.2,0.8,12.4,bust
yuyanxu01,,,,,,,,0,,,,,bust
glynian01,1.0,13.0,-0.2,-0.143,-14.0,-0.2,-14.0,4,-0.2,-14.0,-0.2,-3.3,bust
howardw01,18.0,1242.0,141.7,0.172,1.9,39.0,5.3,5,15.8,2.22,52.3,21.18,superstar
okafoem01,10.0,616.0,45.3,0.114,-0.6,6.8,2.1,5,4.5,-0.58,26.1,17.34,starter
gordobe01,11.0,744.0,33.3,0.078,-0.3,8.7,2.4,5,10.0,1.12,28.5,16.2,starter
livinsh01,14.0,833.0,29.9,0.084,-1.0,4.3,0.4,5,0.8,-1.73,4.2,11.6,starter
harride01,15.0,985.0,54.9,0.11,0.6,15.5,2.8,5,6.5,1.38,22.4,16.72,all_star
childjo01,8.0,391.0,25.7,0.118,0.8,7.4,2.0,5,6.8,1.07,23.4,16.25,starter
denglu01,15.0,902.0,74.0,0.115,0.9,22.9,3.0,5,9.4,1.1,28.2,16.08,all_star
araujra01,3.0,139.0,-0.4,-0.013,-7.2,-2.1,-5.2,3,-2.1,-6.77,-0.4,6.63,bust
iguodan01,19.0,1231.0,100.4,0.122,2.1,41.3,4.0,5,16.9,2.32,40.6,16.76,superstar
jackslu02,4.0,73.0,0.2,0.01,-3.7,-0.3,0.5,5,-0.3,-4.62,0.3,8.2,bust
biedran01,10.0,516.0,30.7,0.132,-0.4,4.6,1.3,5,4.2,-0.24,24.2,16.58,starter
swiftro01,4.0,97.0,1.7,0.054,-3.8,-0.7,-2.5,5,-0.7,-4.65,1.6,8.07,bust
telfase01,10.0,564.0,5.0,0.02,-3.4,-4.2,-1.3,5,-3.8,-3.88,2.2,10.5,bust
humphkr01,13.0,800.0,30.3,0.102,-1.7,1.2,0.9,5,-1.3,-3.26,3.9,13.06,rotation
jeffeal01,14.0,915.0,71.0,0.13,1.2,21.3,3.7,5,6.2,0.1,24.2,19.68,all_star
snydeki01,4.0,211.0,4.5,0.061,-1.2,0.7,1.3,5,0.8,-0.82,4.7,12.62,rotation
smithjo03,13.0,894.0,51.0,0.084,1.7,27.2,5.1,5,10.9,1.3,21.1,17.08,superstar
smithjr01,16.0,977.0,46.3,0.084,0.2,14.7,2.6,5,5.1,0.46,14.6,14.82,all_star
wrighdo01,11.0,549.0,25.9,0.101,0.9,9.1,2.6,5,1.0,-4.08,4.1,9.84,starter
nelsoja01,14.0,878.0,48.3,0.094,-0.1,11.6,5.1,5,7.0,1.38,23.0,16.8,all_star
podkopa01,2.0,6.0,-0.1,-0.163,-15.0,-0.1,-9.3,2,0.0,-17.35,-0.1,-4.9,bust
khryavi01,4.0,143.0,2.0,0.041,-3.5,-0.9,-1.8,4,-0.9,-3.2,2.0,9.93,bust
moniase01,1.0,26.0,-0.2,-0.025,-5.3,-0.3,-4.6,4,-0.6,-5.07,-0.4,8.2,bust
westde01,8.0,432.0,24.5,0.099,0.9,8.7,1.9,5,4.3,-0.3,11.2,12.66,starter
allento01,14.0,820.0,38.7,0.103,0.3,10.4,3.6,5,2.0,-0.38,10.6,13.64,all_star
martike02,12.0,714.0,61.3,0.137,1.0,16.1,3.4,5,8.1,0.38,28.9,16.76,all_star
vujacsa01,10.0,581.0,16.0,0.086,-1.0,2.3,1.2,5,1.8,-0.98,11.3,11.34,rotation
udrihbe01,13.0,831.0,31.4,0.083,-0.9,4.9,0.9,5,0.5,-1.52,9.0,13.1,starter
harrida01,4.0,189.0,3.2,0.057,-4.4,-1.7,-2.8,4,-1.7,-5.15,3.1,10.07,bust
varejan01,14.0,632.0,46.4,0.148,0.3,8.8,3.7,5,3.0,-0.52,22.3,14.56,starter
vromaja01,2.0,87.0,0.0,0.001,-5.1,-0.9,-2.1,4,-1.4,-4.4,-0.1,8.35,bust
ramospe01,1.0,6.0,0.0,-0.108,-10.0,0.0,-10.0,1,0.0,-10.0,0.0,8.2,bust
chalmli01,1.0,36.0,-0.2,-0.025,-5.3,-0.4,-5.3,1,-0.4,-5.3,-0.2,6.5,bust
smithdo04,2.0,61.0,0.5,0.043,-3.2,-0.2,-1.9,2,-0.2,-2.7,0.5,11.65,bust
emmetan01,2.0,14.0,0.1,0.04,-5.5,-0.1,-1.5,5,-0.1,-11.8,0.0,0.9,bust
burksan01,2.0,81.0,0.1,0.004,-5.0,-0.6,-0.2,2,-0.6,-3.5,0.1,8.95,bust
iveyro01,10.0,492.0,4.5,0.035,-3.8,-2.7,0.3,5,-2.4,-4.1,2.6,8.66,bust
duhonch01,9.0,606.0,25.0,0.077,-1.2,3.2,0.8,5,3.8,-0.52,20.6,11.58,starter
miralal01,,,,,,,,0,,,,,bust
reedju01,3.0,136.0,0.5,0.016,-5.9,-1.4,-0.9,5,-2.4,-5.66,0.9,8.2,bust
youngda02,,,,,,,,0,,,,,bust
sanikvi01,,,,,,,,0,,,,,bust
arizatr01,18.0,1118.0,64.3,0.094,0.6,21.8,3.1,5,2.3,-0.18,7.3,13.46,all_star
picketi02,,,,,,,,0,,,,,bust
robinbe01,3.0,128.0,2.0,0.049,-2.0,0.0,4.1,5,0.0,-1.22,2.1,10.38,rotation
seungha01,2.0,46.0,-0.2,-0.029,-8.8,-0.5,-7.1,2,-0.6,-9.65,-0.2,4.7,bust
sowpa01,3.0,76.0,0.8,0.044,-5.7,-0.8,-2.1,3,-0.8,-4.57,0.9,11.23,bust
minarri01,,,,,,,,0,,,,,bust
lishcse01,,,,,,,,0,,,,,bust
spanova01,1.0,31.0,-0.1,-0.01,-5.9,-0.3,-5.9,3,-0.3,-5.9,-0.1,5.4,bust
drejech01,,,,,,,,0,,,,,bust
satoro01,,,,,,,,0,,,,,bust
freijma01,2.0,42.0,-0.6,-0.047,-6.0,-0.6,-5.4,3,-0.5,-5.8,-0.6,5.1,bust
pauldri01,,,,,,,,0,,,,,bust
florelu01,1.0,16.0,0.0,-0.02,-4.8,0.0,20.5,3,-0.1,3.2,-0.1,17.53,bust
douthma01,,,,,,,,0,,,,,bust
karause01,,,,,,,,0,,,,,bust
steppbl01,,,,,,,,0,,,,,bust
wrighra01,,,,,,,,0,,,,,bust
bogutan01,14.0,706.0,50.6,0.122,1.2,16.0,3.1,5,7.8,0.96,24.4,17.02,all_star
willima02,15.0,1072.0,65.1,0.104,-0.4,12.3,2.7,5,1.6,-1.52,22.6,13.58,all_star
willide01,12.0,845.0,77.3,0.129,1.9,28.3,4.0,5,15.0,2.24,40.0,18.4,superstar
paulch01,21.0,1370.0,215.2,0.225,6.5,98.8,11.0,5,32.0,7.56,62.6,25.22,superstar
feltora01,14.0,971.0,40.2,0.067,-0.6,10.1,1.6,5,5.3,-0.4,19.1,14.08,all_star
webstma02,10.0,580.0,24.7,0.085,-0.8,4.3,0.8,5,1.9,-3.78,10.1,7.52,starter
villach01,11.0,656.0,22.6,0.08,-0.6,4.7,1.5,5,3.0,-0.8,15.7,16.34,starter
fryech01,13.0,890.0,38.9,0.094,-0.4,8.0,2.7,5,1.9,-1.6,14.8,13.68,starter
dioguik01,6.0,225.0,6.5,0.112,-3.0,-0.7,2.1,5,-0.6,-2.82,6.3,15.96,bust
bynuman01,8.0,418.0,37.4,0.168,1.4,9.1,4.2,5,4.6,-0.22,22.4,17.12,starter
vazqufr01,,,,,,,,0,,,,,bust
korolya01,2.0,34.0,-0.1,-0.024,-5.2,-0.1,-4.1,2,-0.1,-4.85,0.0,6.4,bust
mayse01,4.0,119.0,2.6,0.068,-1.7,0.2,1.4,5,0.2,-2.93,2.6,13.08,rotation
mccanra01,4.0,249.0,3.6,0.035,-1.7,0.4,0.6,5,0.1,-2.62,3.3,11.46,rotation
wrighan01,6.0,297.0,3.1,0.026,-3.7,-2.4,-2.7,5,-1.6,-4.16,2.2,6.9,bust
grahajo01,6.0,377.0,7.8,0.061,-3.6,-2.4,-1.9,5,-1.9,-3.74,7.9,11.18,bust
grangda01,10.0,586.0,48.5,0.126,1.8,17.7,4.8,5,12.5,2.12,33.1,17.38,all_star
greenge01,12.0,658.0,18.4,0.068,-1.3,2.4,40.9,5,-0.8,5.16,1.4,23.6,rotation
warriha01,8.0,526.0,20.4,0.092,-1.9,0.4,14.0,5,0.5,-2.18,16.5,15.12,rotation
hodgeju01,2.0,23.0,0.0,0.003,-3.7,0.0,3.1,4,-0.1,-2.87,0.1,11.4,bust
robinna01,11.0,618.0,27.8,0.096,0.5,8.6,2.8,5,5.0,0.42,16.0,15.66,starter
jackja01,13.0,867.0,36.8,0.073,-0.9,6.5,1.6,5,2.8,-1.2,18.1,13.84,starter
garcifr01,10.0,549.0,18.2,0.074,-0.1,5.7,1.8,5,3.3,-0.22,11.6,12.72,starter
headlu01,6.0,348.0,14.7,0.09,0.1,4.2,1.6,5,4.1,-0.42,13.7,11.64,starter
petrojo01,8.0,473.0,5.5,0.037,-4.6,-4.6,-3.6,5,-3.2,-4.7,3.4,9.88,bust
maxieja01,10.0,618.0,20.3,0.086,-2.5,-1.4,-0.1,5,0.7,-2.92,14.6,13.78,bust
kleizli01,7.0,409.0,13.6,0.08,-2.3,-0.7,-0.9,5,0.3,-2.15,12.3,12.97,bust
mahinia01,12.0,618.0,26.1,0.121,-2.0,0.1,6.6,5,0.1,2.9,0.9,28.45,rotation
simiewa01,2.0,51.0,0.9,0.083,-4.4,-0.3,-4.3,2,-0.3,-4.65,0.8,8.9,bust
leeda02,12.0,829.0,76.0,0.15,1.1,19.2,3.0,5,9.7,1.36,36.3,18.96,all_star
stoudsa01,3.0,157.0,2.2,0.04,-2.9,-0.6,-2.5,3,-0.6,-3.03,2.3,11.67,bust
ewingda01,2.0,127.0,0.8,0.024,-3.0,-0.4,-2.8,2,-0.4,-3.0,0.8,8.45,bust
bassbr01,12.0,758.0,42.8,0.125,-0.8,5.1,0.6,5,0.7,-2.62,10.5,13.02,starter
milescj01,16.0,849.0,30.1,0.084,-0.4,6.9,2.4,5,0.2,-2.4,6.5,10.68,starter
sanchri01,,,,,,,,0,,,,,bust
ilyaser01,13.0,825.0,48.8,0.124,-0.1,9.0,2.0,5,1.4,-1.03,10.6,14.03,starter
turiaro01,10.0,473.0,19.2,0.115,0.3,4.7,1.4,5,3.3,-0.28,12.7,13.96,starter
dienetr01,5.0,179.0,5.6,0.102,-0.4,1.1,0.9,5,1.1,-0.36,5.7,11.54,rotation
wafervo01,6.0,200.0,3.3,0.064,-1.8,0.1,0.2,5,-0.8,-19.14,-1.3,-7.64,rotation
ellismo01,12.0,833.0,41.9,0.069,-0.3,12.4,1.6,5,3.6,-1.2,15.0,15.26,all_star
ukicro01,2.0,85.0,-0.2,-0.007,-4.3,-0.6,-1.8,5,-0.6,-3.2,-0.2,11.0,bust
taftch01,1.0,17.0,0.5,0.155,-0.7,0.0,-0.7,1,0.0,-0.7,0.5,15.6,bust
ilicmi01,1.0,5.0,-0.2,-1.264,-52.0,-0.1,-52.0,2,-0.1,-52.0,-0.2,-48.6,bust
andrima01,1.0,6.0,0.0,0.155,5.2,0.0,5.2,1,0.0,5.2,0.0,15.5,bust
willilo02,17.0,1123.0,65.7,0.116,1.4,23.2,5.8,5,4.7,-0.62,14.0,14.96,all_star
lorbeer01,,,,,,,,0,,,,,bust
wrighbr02,2.0,26.0,0.5,0.068,-1.6,0.0,-0.9,2,0.1,-1.8,0.5,12.95,bust
gelabmi01,3.0,145.0,3.0,0.062,-2.1,0.0,-0.2,5,-0.3,-2.85,1.5,10.15,rotation
blatcan01,9.0,564.0,19.2,0.074,-0.8,3.8,2.2,5,1.2,-2.34,8.4,14.06,starter
gomesry01,8.0,487.0,19.4,0.069,-1.6,1.4,-0.1,5,2.0,-1.24,17.0,13.6,rotation
whalero01,1.0,23.0,0.0,0.004,-5.1,-0.2,-5.1,1,-0.2,-5.1,0.0,7.6,bust
herveax01,,,,,,,,0,,,,,bust
greenor01,4.0,131.0,-0.7,-0.022,-4.6,-1.0,15.1,5,-1.1,-6.57,-0.7,3.2,bust
thompdi01,2.0,16.0,0.2,0.102,-0.5,0.0,2.9,2,0.1,-0.2,0.2,16.8,bust
roberla01,2.0,87.0,2.5,0.106,-1.9,0.0,-1.7,2,0.0,-2.35,2.5,13.6,rotation
johnsam01,14.0,870.0,55.3,0.145,0.3,10.6,1.3,5,1.3,-0.02,10.9,17.72,all_star
gortama01,12.0,806.0,61.3,0.142,0.4,12.7,2.2,5,1.2,-0.73,6.8,16.9,all_star
slokaur01,1.0,20.0,0.1,0.042,-5.6,-0.1,-5.6,2,-0.1,-5.6,0.1,13.9,bust
akyolce01,,,,,,,,0,,,,,bust
ackeral01,2.0,30.0,-0.2,-0.043,-5.3,-0.2,3.8,5,-0.2,-5.03,-0.2,8.0,bust
bargnan01,10.0,550.0,18.9,0.057,-1.6,1.5,1.1,5,1.3,-1.7,13.9,13.98,rotation
aldrila01,16.0,1076.0,115.6,0.153,1.7,33.4,3.9,5,9.9,0.68,39.0,18.88,superstar
morriad01,3.0,161.0,-1.4,-0.021,-5.0,-2.4,-4.5,5,-2.8,-5.9,-1.4,5.58,bust
thomaty01,8.0,402.0,13.0,0.078,-1.2,1.7,18.5,5,3.4,0.26,13.2,15.72,rotation
willish02,6.0,361.0,9.9,0.085,-3.0,-1.5,-1.4,5,-1.3,-3.44,5.1,12.38,bust
roybr01,6.0,326.0,37.4,0.155,3.6,16.3,6.2,5,16.3,3.2,37.5,19.32,all_star
foyera01,11.0,752.0,23.5,0.058,-1.2,3.8,0.5,5,1.6,-1.4,10.4,13.0,starter
gayru01,17.0,1120.0,61.0,0.085,0.6,22.4,2.8,5,7.3,0.16,20.7,15.82,all_star
obryapa01,4.0,90.0,0.5,0.046,-4.6,-0.3,-3.5,5,-0.5,-4.4,0.8,11.22,bust
senesa01,3.0,47.0,0.3,0.052,-5.1,-0.2,8.9,5,-0.1,2.62,0.5,24.96,bust
redicjj01,15.0,940.0,63.7,0.128,0.6,16.0,2.2,5,3.6,-0.08,15.5,12.68,all_star
armsthi01,6.0,292.0,3.9,0.055,-4.1,-1.8,-0.1,5,-1.9,-4.82,3.2,9.0,bust
sefolth01,14.0,869.0,39.3,0.099,0.6,12.4,2.7,5,2.4,-0.22,6.7,11.24,all_star
brewero02,8.0,502.0,30.4,0.127,1.6,10.6,3.8,5,8.8,1.78,23.8,15.0,all_star
simmoce01,3.0,75.0,0.1,0.005,-5.0,-0.5,1.0,5,-0.7,-8.74,-0.1,2.5,bust
carnero01,5.0,299.0,6.2,0.064,-1.6,0.5,1.2,5,0.4,-1.76,6.2,11.82,rotation
willish03,7.0,314.0,6.7,0.06,-2.2,-0.3,-0.7,5,0.1,-2.92,4.6,10.55,bust
pecheol01,3.0,111.0,0.5,0.025,-4.8,-0.7,-4.2,4,-0.8,-4.83,0.6,12.03,bust
doubyqu01,3.0,143.0,0.0,0.0,-3.5,-0.6,-0.6,5,-0.7,-3.16,0.1,10.78,bust
balkmre01,6.0,221.0,7.2,0.113,0.1,1.6,1.4,5,1.6,-1.12,6.8,12.06,rotation
rondora01,16.0,957.0,61.8,0.104,1.2,23.2,4.0,5,14.6,2.52,35.7,16.74,all_star
willima03,4.0,203.0,0.0,-0.001,-3.3,-1.0,-2.4,4,-1.0,-4.35,0.0,9.2,bust
boonejo01,4.0,256.0,9.1,0.097,-2.0,0.0,-1.7,4,0.0,-2.1,9.0,14.1,rotation
lowryky01,20.0,1187.0,112.4,0.147,2.6,43.1,6.1,5,2.7,1.0,11.1,15.22,superstar
brownsh01,9.0,408.0,9.2,0.06,-1.5,1.0,1.2,5,-0.7,-9.42,-0.2,4.6,rotation
farmajo01,10.0,504.0,13.9,0.068,-0.5,3.7,2.1,5,2.6,-0.76,10.3,12.5,starter
rodrise01,5.0,353.0,4.3,0.039,-2.0,0.1,0.5,5,0.6,-1.4,4.4,13.46,rotation
agerma01,4.0,82.0,-0.9,-0.089,-9.4,-0.9,-0.7,5,-1.3,-10.58,-1.4,1.92,bust
collima01,4.0,189.0,-1.6,-0.027,-4.4,-1.7,-3.1,5,-1.5,-4.52,-1.1,7.9,bust
freeljo01,3.0,151.0,3.2,0.084,-3.3,-0.6,-2.6,5,,,,,bust
whiteja02,3.0,67.0,0.8,0.062,-3.2,-0.2,2.4,5,-0.1,-0.8,0.3,13.35,bust
novakst01,11.0,467.0,14.5,0.123,0.8,4.0,5.8,5,1.1,0.68,4.9,12.92,starter
jonesso01,8.0,281.0,5.0,0.078,-4.0,-1.6,-2.7,5,-1.2,-4.66,4.8,9.9,bust
davispa01,4.0,82.0,0.5,0.035,-4.2,-0.4,18.2,4,-0.5,1.2,0.4,16.05,bust
tuckepj01,14.0,886.0,43.3,0.083,-1.0,6.4,1.0,5,0.0,-3.0,0.1,12.8,starter
smithcr01,6.0,403.0,16.0,0.113,-1.2,1.4,-0.6,5,1.4,-1.12,15.0,16.32,rotation
jonesbo02,2.0,91.0,1.1,0.06,-4.1,-0.5,-2.0,5,-0.6,-5.24,1.6,9.16,bust
perovko01,1.0,7.0,0.0,0.06,-5.9,0.0,-5.9,2,0.0,-5.9,0.0,10.3,bust
noelda01,1.0,68.0,0.4,0.024,-3.1,-0.2,-3.1,1,-0.2,-3.1,0.4,9.0,bust
brownde05,,,,,,,,0,,,,,bust
augusja01,2.0,27.0,0.3,0.101,-2.7,0.0,-1.0,2,0.0,-1.9,0.3,13.7,bust
gibsoda01,7.0,397.0,16.0,0.082,-1.0,2.4,0.0,5,2.7,-0.5,14.9,11.14,rotation
vincima01,2.0,26.0,0.2,0.056,-3.0,0.0,-2.5,2,0.0,-2.9,0.2,9.25,bust
eliyali01,,,,,,,,0,,,,,bust
johnsal01,2.0,102.0,1.5,0.056,-4.6,-0.9,-3.5,2,-0.9,-4.85,1.5,11.05,bust
brownde03,2.0,68.0,0.1,0.008,-3.0,-0.2,-1.8,5,-0.4,-5.75,0.0,5.02,bust
millspa01,16.0,1085.0,95.4,0.15,1.9,29.9,4.2,5,7.4,0.76,32.5,17.76,superstar
veremvl01,,,,,,,,0,,,,,bust
powele01,5.0,239.0,12.0,0.174,-1.6,0.3,0.2,5,0.4,-2.62,12.0,15.58,rotation
holliry01,10.0,518.0,10.4,0.081,-4.1,-3.2,-1.0,5,-0.6,-3.62,3.3,11.88,bust
sambch01,2.0,22.0,-0.1,-0.056,-9.1,-0.2,-2.3,5,-0.4,-8.9,-0.2,7.35,bust
diazgu01,1.0,6.0,0.0,0.033,-2.9,0.0,-2.9,2,0.0,-2.9,0.0,9.9,bust
halpeyo01,,,,,,,,0,,,,,bust
adamsha01,2.0,73.0,0.8,0.072,-2.3,0.0,-1.5,3,0.0,-5.45,0.8,6.7,rotation
ugboaej01,,,,,,,,0,,,,,bust
bavcied01,,,,,,,,0,,,,,bust
mavrolo01,,,,,,,,0,,,,,bust
pinnojr01,,,,,,,,0,,,,,bust
markoda01,1.0,30.0,-0.2,-0.07,-8.5,-0.3,-8.5,1,-0.3,-8.5,-0.2,5.0,bust
blalowi01,1.0,14.0,-0.1,-0.032,-5.8,-0.2,-5.8,1,-0.2,-5.8,-0.1,4.5,bust
odengr01,3.0,105.0,7.3,0.174,-0.4,0.8,3.5,5,1.0,1.2,6.8,20.6,rotation
duranke01,18.0,1201.0,186.1,0.203,6.3,92.2,10.2,5,23.7,4.44,50.5,22.52,superstar
horfoal01,19.0,1183.0,119.4,0.155,2.8,45.1,5.1,5,9.9,1.88,34.6,18.16,superstar
conlemi01,19.0,1226.0,107.6,0.137,2.3,40.9,6.8,5,6.4,-0.06,22.6,14.7,superstar
greenje02,18.0,1247.0,56.1,0.08,-1.5,4.5,2.6,5,1.9,-1.48,19.1,12.66,starter
jianlyi01,5.0,272.0,3.1,0.025,-4.3,-3.5,-3.8,5,-3.5,-4.56,3.1,11.0,bust
breweco01,13.0,819.0,22.5,0.058,-1.6,2.0,1.8,5,-1.5,-2.58,2.8,10.58,rotation
wrighbr03,10.0,428.0,26.2,0.181,2.3,7.5,5.6,5,0.7,-0.8,4.2,17.0,starter
noahjo01,13.0,672.0,61.9,0.159,2.5,20.9,5.3,5,8.6,1.84,32.1,17.66,all_star
hawessp01,10.0,684.0,22.6,0.07,-1.1,3.4,2.8,5,0.1,-1.74,8.8,13.86,starter
lawac01,4.0,188.0,1.6,0.032,-3.9,-1.1,2.7,5,-0.7,-2.98,1.5,12.62,bust
youngth01,17.0,1172.0,71.9,0.105,0.5,20.7,3.3,5,5.7,0.3,24.6,16.62,all_star
wrighju01,4.0,231.0,3.9,0.061,-0.5,1.2,1.8,4,1.2,-0.3,3.9,12.97,rotation
thornal01,4.0,296.0,6.1,0.035,-3.5,-3.2,-2.1,5,-3.4,-3.28,6.8,12.16,bust
stuckro01,10.0,651.0,28.7,0.077,-0.9,4.9,0.6,5,4.5,-0.24,18.0,16.04,starter
youngni01,12.0,720.0,18.6,0.054,-2.2,-0.8,-0.1,5,-1.8,-3.08,7.7,12.56,bust
willise01,4.0,137.0,3.0,0.073,-3.1,-0.6,3.3,5,-0.6,-3.45,3.0,12.1,bust
belinma01,13.0,860.0,30.5,0.075,-1.3,3.3,1.3,5,1.0,-2.0,8.0,11.32,starter
crittja01,2.0,113.0,0.1,0.002,-4.2,-1.0,-4.0,5,-1.5,-4.44,0.1,11.32,bust
smithja02,11.0,616.0,14.1,0.067,-2.9,-2.4,-0.4,5,-0.8,-2.92,6.0,12.18,bust
cookda02,6.0,328.0,4.9,0.039,-2.7,-1.1,1.1,5,-0.7,-2.16,5.1,9.54,bust
dudleja01,14.0,904.0,43.0,0.103,0.2,11.0,2.1,5,3.9,0.36,13.6,13.3,all_star
chandwi01,12.0,676.0,29.0,0.069,-1.3,3.5,0.5,5,2.4,-1.46,13.6,13.72,starter
fernaru01,4.0,249.0,14.2,0.114,1.7,5.6,3.0,5,5.6,1.52,14.1,13.82,starter
almonmo01,3.0,38.0,0.0,0.005,-6.1,-0.4,-1.8,5,-0.4,-6.7,0.0,6.0,bust
brookaa01,10.0,645.0,19.2,0.069,-1.2,2.7,0.7,5,2.1,-1.5,12.0,13.36,rotation
afflaar01,11.0,762.0,33.5,0.077,-1.5,2.4,1.4,5,3.9,-0.6,19.5,11.66,rotation
splitti01,7.0,355.0,25.3,0.178,1.1,5.4,2.3,5,1.3,0.6,6.9,18.25,starter
tuckeal02,3.0,51.0,0.4,0.045,-4.5,-0.3,-2.1,5,-0.3,-5.4,0.4,12.16,bust
koponpe01,,,,,,,,0,,,,,bust
landrca01,9.0,513.0,35.9,0.149,-0.3,5.0,1.9,5,5.0,0.82,25.0,19.04,starter
pruitga01,2.0,62.0,0.4,0.043,-2.8,-0.1,-2.2,2,-0.1,-3.5,0.5,7.95,bust
willima04,2.0,13.0,-0.1,-0.084,-5.4,0.0,22.7,4,-0.2,1.25,-0.2,16.75,bust
fazekni01,1.0,26.0,0.8,0.148,0.5,0.2,0.7,3,0.4,-1.13,1.6,17.73,bust
davisgl01,8.0,514.0,18.6,0.082,-2.6,-1.7,-1.9,5,-1.2,-2.96,14.4,11.9,bust
davidje01,2.0,52.0,0.0,0.0,-5.2,-0.3,-5.2,2,-0.4,-5.2,0.0,11.05,bust
mcrobjo01,11.0,433.0,18.5,0.107,0.3,4.7,3.7,5,2.0,0.42,8.3,14.9,starter
fesenky01,5.0,135.0,0.9,0.038,-5.7,-1.1,8.4,5,-1.2,-3.68,0.9,12.46,bust
baracst01,,,,,,,,0,,,,,bust
yuesu01,1.0,10.0,-0.1,-0.226,-19.4,-0.1,-19.4,2,-0.1,-19.4,-0.1,-8.6,bust
richach01,2.0,70.0,0.7,0.045,-5.7,-0.7,-5.7,3,-0.7,-5.75,0.7,7.2,bust
byarsde01,1.0,2.0,0.1,0.147,-4.7,0.0,-4.7,5,0.0,-4.7,0.1,14.9,bust
halusad02,,,,,,,,0,,,,,bust
terryre01,,,,,,,,0,,,,,bust
jordaja01,,,,,,,,0,,,,,bust
lasmest01,1.0,16.0,0.3,0.041,-4.4,-0.2,-4.4,3,-0.4,-4.4,0.6,11.7,bust
mcguido01,6.0,342.0,4.1,0.037,-2.1,-0.1,-0.6,5,-0.5,-4.98,1.2,5.56,bust
gasolma01,13.0,891.0,85.3,0.143,3.1,36.5,5.2,5,10.1,2.02,30.9,17.8,superstar
grayaa01,7.0,318.0,6.2,0.077,-3.6,-1.5,0.1,5,-0.3,-3.36,3.9,13.48,bust
seibure01,,,,,,,,0,,,,,bust
curryja01,1.0,1.0,0.0,,,0.0,,1,0.0,,0.0,,bust
greenta01,1.0,17.0,-0.1,-0.066,-7.5,-0.1,-7.1,3,-0.2,-7.47,-0.2,7.2,bust
nichode01,2.0,18.0,-0.2,-0.203,-10.3,-0.1,-1.2,5,-0.2,-12.22,-0.4,-2.08,bust
newlebr01,,,,,,,,0,,,,,bust
hillhe02,,,,,,,,0,,,,,bust
sessira01,11.0,691.0,28.8,0.086,-0.7,5.2,1.6,5,3.6,-0.5,15.5,16.48,starter
mejiasa01,,,,,,,,0,,,,,bust
printgi01,,,,,,,,0,,,,,bust
strawdj01,1.0,33.0,-0.2,-0.031,-5.6,-0.2,-5.6,1,-0.2,-5.6,-0.2,6.2,bust
rakovmi01,,,,,,,,0,,,,,bust
rosede01,15.0,723.0,44.6,0.097,1.2,18.2,6.8,5,13.5,3.62,30.0,20.27,all_star
beaslmi01,11.0,609.0,15.6,0.054,-1.7,0.9,0.9,5,-0.2,-2.22,8.7,14.52,rotation
mayooj01,8.0,547.0,21.8,0.062,-0.9,4.7,0.8,5,5.3,-0.32,19.1,14.0,starter
westbru01,18.0,1301.0,112.9,0.126,3.5,59.1,11.1,5,15.0,2.36,36.9,20.68,superstar
loveke01,18.0,989.0,96.0,0.164,3.2,36.7,8.9,5,10.4,2.08,32.7,21.32,superstar
gallida01,14.0,777.0,65.4,0.14,1.7,20.8,6.9,5,4.8,0.98,18.8,15.08,all_star
gordoer01,18.0,931.0,42.1,0.07,-0.8,9.1,2.4,5,4.3,0.26,14.9,16.42,starter
alexajo01,2.0,67.0,0.5,0.03,-3.6,-0.3,-3.5,2,-0.3,-5.9,0.4,6.45,bust
augusdj01,14.0,976.0,47.7,0.1,-0.7,7.6,1.9,5,3.5,-0.64,17.4,13.42,starter
lopezbr01,18.0,1180.0,94.2,0.129,1.2,28.3,3.7,5,8.4,1.0,29.3,20.78,superstar
bayleje01,11.0,586.0,18.6,0.072,-1.6,1.1,1.7,5,-0.2,-3.4,6.2,11.74,rotation
thompja02,8.0,588.0,23.8,0.077,-2.6,-2.4,-0.6,5,-1.4,-2.46,17.1,14.6,bust
rushbr01,9.0,481.0,11.2,0.051,-1.4,1.6,1.7,5,2.2,-0.84,9.5,11.26,rotation
randoan01,6.0,252.0,5.8,0.072,-1.6,0.4,-0.6,5,0.2,-2.52,4.1,15.58,rotation
lopezro01,16.0,992.0,49.6,0.114,-1.1,4.6,1.2,5,1.1,-1.94,13.5,15.44,starter
speigma01,10.0,705.0,25.8,0.116,-2.2,-0.6,0.6,5,-0.8,-2.62,13.1,16.44,bust
hibbero01,9.0,662.0,35.9,0.105,-1.1,3.5,1.4,5,3.4,-0.78,22.1,16.96,starter
mcgeeja01,16.0,909.0,43.7,0.143,0.0,7.3,1.6,5,2.3,-0.76,16.3,18.18,starter
hicksjj01,8.0,534.0,21.9,0.088,-1.8,0.5,0.2,5,-1.4,-2.96,8.9,13.62,rotation
ajincal01,7.0,293.0,7.5,0.093,-2.8,-0.8,-0.3,5,-0.6,-4.72,0.6,10.06,bust
anderry01,12.0,649.0,46.7,0.134,1.0,12.8,4.6,5,9.2,2.36,27.4,18.0,all_star
leeco01,12.0,811.0,39.3,0.086,-0.6,7.9,1.6,5,3.3,-0.62,16.7,12.08,starter
koufoko01,11.0,686.0,28.3,0.12,-1.3,2.0,0.9,5,-0.9,-4.68,1.8,13.24,rotation
ibakase01,14.0,919.0,73.0,0.139,0.5,15.7,2.3,5,5.7,0.7,26.9,17.82,all_star
batumni01,18.0,1205.0,75.6,0.107,1.4,29.0,3.9,5,10.0,2.34,24.4,15.6,superstar
hillge01,15.0,915.0,71.0,0.139,1.1,19.4,5.3,5,8.2,1.1,28.6,14.64,all_star
arthuda01,9.0,503.0,12.3,0.066,-2.2,-0.4,-0.1,5,-0.6,-2.88,7.5,12.32,bust
greendo01,4.0,253.0,1.5,0.017,-2.8,-0.9,-1.6,4,-1.0,-3.25,1.6,9.57,bust
whitedj01,6.0,138.0,3.8,0.087,-2.1,0.0,6.4,5,0.6,0.42,4.7,17.76,rotation
giddejr01,2.0,38.0,0.1,0.027,-4.3,-0.1,7.2,4,-0.4,-1.73,0.2,13.25,bust
pekovni01,6.0,271.0,18.8,0.134,-0.7,2.2,1.0,5,1.4,-1.4,11.8,17.6,rotation
sharpwa01,1.0,8.0,-0.1,-0.131,-10.1,0.0,-10.1,1,0.0,-10.1,-0.1,4.8,bust
dorsejo01,4.0,130.0,2.9,0.092,-2.7,-0.3,0.3,5,-0.1,-3.4,1.0,11.9,bust
chalmma01,9.0,646.0,32.3,0.09,-0.6,5.9,1.7,5,4.2,-0.34,20.3,12.1,starter
jordade01,18.0,1123.0,99.4,0.17,1.1,22.2,3.4,5,1.7,-1.58,19.8,15.04,all_star
asikom01,8.0,471.0,20.9,0.109,-1.9,0.1,-0.7,5,0.7,-1.37,10.8,13.37,rotation
mbahalu01,12.0,689.0,26.0,0.078,-1.5,2.0,0.5,5,1.3,-1.52,16.4,11.72,rotation
weaveky01,3.0,73.0,1.5,0.051,-1.1,0.3,0.8,3,0.3,-1.03,1.5,10.73,rotation
weemsso01,4.0,183.0,0.0,0.001,-4.2,-1.8,-2.0,5,-1.1,-8.5,0.6,6.4,bust
douglch01,6.0,222.0,5.4,0.059,-2.2,-0.2,-0.5,5,-0.5,-2.73,3.0,10.88,bust
jawaina01,2.0,45.0,0.2,0.02,-4.4,-0.3,-3.8,2,-0.3,-11.05,0.2,1.7,bust
singlse01,1.0,37.0,0.0,0.006,-5.1,-0.2,-3.8,3,-0.5,-4.97,0.1,6.9,bust
ewingpa02,1.0,7.0,-0.1,-0.158,-9.1,0.0,-9.1,1,0.0,-9.1,-0.1,0.6,bust
tomican01,,,,,,,,0,,,,,bust
dragigo01,15.0,946.0,56.7,0.106,0.5,15.9,3.9,5,0.8,-1.06,4.9,13.34,all_star
plaistr01,,,,,,,,0,,,,,bust
walkebi01,5.0,181.0,5.0,0.079,-1.8,0.2,-0.3,5,0.5,-2.42,5.4,11.86,rotation
hairsma01,2.0,62.0,0.8,0.086,-2.0,0.0,-1.9,2,0.0,-1.95,0.8,11.8,rotation
hendrri02,,,,,,,,0,,,,,bust
hardide01,,,,,,,,0,,,,,bust
fostesh01,,,,,,,,0,,,,,bust
jacksda01,3.0,138.0,1.3,0.059,-5.2,-0.8,-3.5,5,-1.2,-11.78,1.0,2.7,bust
dragita01,,,,,,,,0,,,,,bust
leunema01,,,,,,,,0,,,,,bust
taylomi01,1.0,51.0,-0.4,-0.028,-5.2,-0.6,-5.2,1,-0.6,-5.2,-0.4,10.1,bust
kaunsa01,1.0,25.0,0.2,0.096,-2.8,0.0,-2.8,5,,,,,bust
gistja01,,,,,,,,0,,,,,bust
crawfjo01,1.0,2.0,0.0,0.037,-2.7,0.0,-2.7,1,0.0,-2.7,0.0,10.8,bust
washide02,,,,,,,,0,,,,,bust
erdense01,2.0,69.0,1.8,0.094,-3.6,-0.4,-2.3,5,-0.2,-4.5,2.8,9.1,bust
griffbl01,13.0,765.0,81.1,0.16,3.3,32.8,5.1,5,15.7,3.73,41.8,22.9,superstar
thabeha01,5.0,224.0,4.8,0.099,-2.7,-0.4,2.8,5,-0.5,-7.24,2.9,4.26,bust
hardeja01,17.0,1221.0,182.4,0.206,6.2,87.9,11.0,5,17.5,3.58,46.5,19.58,superstar
evansty01,10.0,594.0,28.4,0.075,0.8,13.1,4.5,5,7.3,0.62,17.2,17.1,all_star
rubiori01,12.0,698.0,42.3,0.098,0.5,13.3,1.8,5,4.5,1.1,10.9,15.4,all_star
flynnjo01,3.0,163.0,-1.1,-0.015,-4.0,-1.9,-2.9,5,-2.2,-4.82,-1.0,10.48,bust
curryst01,17.0,1069.0,147.1,0.195,6.4,77.2,11.9,5,18.2,4.02,38.1,20.46,superstar
hilljo01,8.0,409.0,16.4,0.102,-2.0,0.0,-0.5,5,-1.1,-3.32,5.9,14.72,rotation
derozde01,17.0,1264.0,114.1,0.126,0.8,30.6,3.1,5,2.2,-1.54,21.5,14.58,superstar
jennibr01,9.0,555.0,29.9,0.085,0.8,11.8,3.3,5,10.2,1.24,23.3,16.04,all_star
willite01,4.0,153.0,-0.2,-0.004,-2.8,-0.6,0.4,5,-0.9,-4.64,-1.1,9.26,bust
hendege02,8.0,535.0,18.3,0.063,-1.8,0.6,-1.1,5,0.6,-1.92,10.7,13.28,rotation
hansbty01,7.0,428.0,20.2,0.134,-2.0,0.0,-1.3,5,-0.1,-2.16,15.8,15.04,rotation
clarkea01,6.0,261.0,2.9,0.038,-2.8,-0.8,-0.7,5,-1.1,-4.28,0.6,9.58,bust
dayeau01,6.0,293.0,4.5,0.053,-2.0,0.0,1.1,5,0.5,-1.58,5.2,11.68,rotation
johnsja01,16.0,786.0,27.4,0.084,0.4,9.3,4.5,5,1.7,-1.02,4.6,11.9,starter
holidjr01,17.0,1090.0,78.1,0.105,1.6,32.7,3.4,5,6.0,0.08,15.9,15.24,superstar
lawsoty01,8.0,551.0,42.1,0.126,1.4,13.6,3.2,5,11.0,2.14,31.0,18.12,all_star
teaguje01,12.0,826.0,52.4,0.113,0.6,14.3,2.9,5,4.8,-0.32,19.6,15.06,all_star
maynoer01,5.0,267.0,3.3,0.041,-2.9,-0.8,-1.5,5,0.2,-1.94,5.4,11.3,bust
collida01,11.0,711.0,49.9,0.115,0.5,13.4,2.7,5,5.6,0.06,22.5,15.64,all_star
clavevi01,3.0,80.0,0.2,0.011,-3.6,-0.4,-3.2,5,-0.4,-3.45,0.1,7.9,bust
casspom01,10.0,588.0,19.6,0.078,-0.8,3.5,0.4,5,1.6,-0.86,9.3,12.34,starter
mulleby01,5.0,189.0,0.6,0.008,-4.0,-1.8,0.2,5,-1.8,-6.64,0.5,8.46,bust
beaubro01,4.0,182.0,4.8,0.079,-0.1,1.4,1.5,4,1.4,-0.62,4.8,13.95,rotation
gibsota01,17.0,1012.0,60.5,0.125,-0.9,6.5,1.7,5,2.3,-0.84,23.4,15.08,starter
carrode01,11.0,578.0,29.5,0.104,0.0,6.7,9.3,5,-0.4,-4.36,1.2,7.24,starter
ellinwa01,13.0,770.0,21.1,0.063,-1.5,2.2,0.4,5,-0.4,-2.18,6.0,9.92,rotation
douglto01,8.0,394.0,12.1,0.077,-0.8,2.2,1.8,5,1.7,-1.52,9.7,12.58,rotation
eyengch01,2.0,51.0,-0.4,-0.02,-4.2,-0.6,-1.9,5,-0.7,-4.47,-0.6,8.15,bust
pendeje02,6.0,237.0,6.3,0.131,-2.3,-0.2,-1.0,5,0.0,-2.23,5.0,12.78,bust
tayloje02,2.0,65.0,0.2,0.014,-3.7,-0.3,-1.8,4,-0.6,-3.3,0.3,12.22,bust
cunnida01,10.0,715.0,24.9,0.08,-1.7,1.1,0.8,5,-0.2,-2.12,9.3,12.5,rotation
llullse01,,,,,,,,0,,,,,bust
summeda01,4.0,83.0,-0.1,-0.008,-5.8,-0.8,-3.2,4,-0.8,-6.7,-0.1,6.3,bust
youngsa01,4.0,249.0,5.2,0.063,-2.1,-0.1,-0.9,5,0.1,-2.26,4.5,10.8,bust
blairde01,7.0,424.0,19.0,0.129,-1.2,1.4,-0.3,5,2.2,-0.84,19.0,16.86,rotation
brockjo01,3.0,150.0,3.7,0.113,-3.9,-0.8,-3.0,3,-0.8,-4.47,3.7,9.53,bust
jerebjo01,9.0,635.0,25.8,0.109,-1.0,2.9,1.0,5,1.1,-1.1,11.1,14.3,rotation
brownde04,3.0,171.0,4.5,0.085,-1.3,0.4,-0.6,5,0.5,-1.3,5.6,13.72,rotation
meeksjo01,10.0,539.0,24.3,0.096,-0.6,4.2,0.5,5,1.6,-1.12,11.0,11.8,starter
beverpa01,12.0,666.0,40.2,0.109,0.7,12.1,3.8,5,2.2,2.2,6.4,13.9,all_star
thornma01,8.0,483.0,20.0,0.085,0.2,6.2,2.0,5,5.4,0.92,14.8,16.7,starter
budinch01,7.0,407.0,13.9,0.083,-0.5,2.9,1.2,5,2.7,-0.48,11.1,13.1,rotation
calatni01,2.0,129.0,2.6,0.063,-0.5,0.8,0.0,5,0.3,-0.9,1.5,12.3,rotation
greenda02,15.0,832.0,49.3,0.113,1.8,20.2,4.6,5,6.9,1.64,14.9,13.8,all_star
norelhe01,,,,,,,,0,,,,,bust
griffta01,1.0,8.0,0.0,-0.039,-8.1,-0.1,-8.1,1,-0.1,-8.1,0.0,5.2,bust
gladyse01,,,,,,,,0,,,,,bust
sutongo01,,,,,,,,0,,,,,bust
mcclija01,,,,,,,,0,,,,,bust
priceaj01,6.0,261.0,4.7,0.058,-1.3,0.7,3.0,5,0.6,-1.96,4.4,11.66,rotation
decolna01,2.0,119.0,2.4,0.081,-0.7,0.5,0.3,5,0.5,-0.5,2.3,12.1,rotation
vadenro01,,,,,,,,0,,,,,bust
millspa02,16.0,921.0,35.9,0.094,-0.2,8.5,4.0,5,3.0,-1.0,8.7,15.84,starter
nivinah01,,,,,,,,0,,,,,bust
preldem01,,,,,,,,0,,,,,bust
hudsole01,4.0,57.0,0.2,0.016,-2.1,0.0,4.1,5,-0.1,-2.54,0.2,12.02,rotation
elonuch01,,,,,,,,0,,,,,bust
doziero01,,,,,,,,0,,,,,bust
walljo01,11.0,647.0,44.5,0.094,2.2,24.1,4.7,5,12.4,2.02,25.9,18.74,all_star
turneev01,10.0,705.0,20.2,0.051,-1.9,0.5,0.0,5,-1.6,-2.52,8.9,12.22,rotation
favorde01,12.0,790.0,60.2,0.15,0.9,14.0,3.3,5,-0.0,-2.06,13.2,15.58,all_star
johnswe01,9.0,609.0,10.7,0.038,-1.6,1.2,-0.2,5,0.5,-2.02,5.5,10.12,rotation
couside01,11.0,654.0,46.8,0.115,2.4,21.6,7.2,5,8.8,1.26,23.6,21.56,all_star
udohek01,7.0,384.0,10.4,0.088,-1.4,0.8,4.7,5,0.0,-1.94,7.5,12.0,rotation
monrogr01,10.0,646.0,50.4,0.137,1.4,15.3,25.2,5,10.1,1.44,32.2,19.76,all_star
aminual01,11.0,711.0,27.6,0.075,-0.6,6.5,0.7,5,2.3,-1.0,11.6,12.3,starter
haywago01,14.0,835.0,63.5,0.119,1.6,23.0,5.0,5,9.8,1.22,23.8,15.88,all_star
georgpa01,16.0,945.0,92.0,0.14,3.7,45.2,7.2,5,12.7,1.96,28.2,15.88,superstar
aldrico01,8.0,339.0,9.6,0.135,0.1,1.8,2.4,5,-0.2,-2.28,2.0,11.76,rotation
henryxa01,5.0,185.0,0.8,0.013,-4.4,-1.7,-2.8,5,-1.7,-5.0,0.6,8.2,bust
davised01,12.0,722.0,43.3,0.151,-0.2,6.2,1.9,5,2.9,-0.14,18.7,16.62,starter
pattepa01,11.0,719.0,31.9,0.102,0.0,7.4,2.5,5,2.0,-0.62,12.1,14.68,starter
sandela01,6.0,238.0,10.3,0.107,-1.1,1.1,1.0,5,1.3,-1.68,10.3,14.44,rotation
babbilu01,8.0,381.0,7.2,0.065,-2.1,-0.1,-0.4,5,0.0,-3.4,3.3,8.98,bust
serapke01,7.0,423.0,5.9,0.044,-4.3,-3.6,-1.7,5,-3.3,-4.62,5.1,11.9,bust
bledser01,12.0,756.0,46.1,0.105,1.6,18.8,3.6,5,6.8,0.98,15.3,15.5,all_star
bradlav01,12.0,660.0,17.2,0.045,-2.4,-1.8,-0.1,5,-0.9,-4.12,6.6,9.3,bust
anderja01,5.0,247.0,3.3,0.037,-2.7,-0.8,1.2,5,0.3,-0.64,2.6,11.68,bust
brackcr01,2.0,17.0,-0.2,-0.089,-9.9,-0.2,-9.0,2,-0.3,-10.75,-0.2,2.2,bust
williel01,4.0,109.0,0.7,0.024,-4.9,-1.1,3.6,5,-1.0,-2.83,0.7,12.07,bust
booketr01,8.0,532.0,26.2,0.116,-0.5,4.2,0.7,5,2.3,-0.6,15.8,14.98,starter
jamesda01,4.0,39.0,0.0,-0.001,-3.7,-0.3,-2.6,4,-0.3,-4.43,-0.1,6.77,bust
jonesdo02,3.0,80.0,0.3,0.017,-2.4,-0.1,-0.9,3,-0.1,-2.07,0.2,11.6,bust
pondequ01,7.0,355.0,9.7,0.084,-1.8,0.3,-0.1,5,0.5,-1.7,9.1,9.82,rotation
crawfjo02,6.0,281.0,6.3,0.044,-1.3,1.3,4.2,5,-0.3,-3.06,1.8,12.06,rotation
vasqugr01,7.0,401.0,12.6,0.064,-1.2,1.8,0.1,5,1.9,-1.4,11.1,13.62,rotation
ortonda01,3.0,51.0,1.0,0.093,-3.5,-0.2,-3.0,4,-0.1,-3.37,1.1,12.4,bust
haywala01,3.0,72.0,0.2,0.02,-4.2,-0.3,-1.9,3,-0.3,-4.43,0.3,8.37,bust
pleisti01,1.0,12.0,-0.1,-0.041,-11.6,-0.2,-11.6,5,,,,,bust
pittmde01,4.0,50.0,0.5,0.068,-7.7,-0.5,-6.0,5,-0.5,-15.44,0.3,2.98,bust
whiteha01,10.0,511.0,52.0,0.197,2.5,14.5,4.1,5,1.8,-8.47,5.5,8.17,all_star
johnsar02,2.0,47.0,-0.1,-0.015,-4.1,-0.2,4.9,4,-0.2,-0.97,-0.1,13.85,bust
bjeline01,7.0,449.0,20.0,0.104,0.3,5.4,1.8,5,,,,,starter
whitete01,,,,,,,,0,,,,,bust
hobsoda01,1.0,5.0,-0.2,-0.225,-13.0,-0.1,-13.0,2,-0.1,-13.0,-0.2,-3.3,bust
rautian01,1.0,5.0,-0.2,-0.314,-13.2,-0.1,-13.2,1,-0.1,-13.2,-0.2,-1.2,bust
fieldla01,5.0,255.0,10.5,0.084,-0.3,2.6,0.2,5,2.7,-0.62,10.5,11.04,rotation
stephla01,10.0,554.0,17.5,0.066,-1.3,2.3,1.3,5,2.1,-2.82,11.5,9.56,rotation
varnaja01,2.0,37.0,0.7,0.089,-3.3,-0.1,-0.4,5,-0.2,-7.8,-0.2,3.3,bust
butleda03,,,,,,,,0,,,,,bust
ebankde01,3.0,63.0,0.5,0.035,-4.8,-0.5,-2.0,3,-0.5,-4.63,0.6,11.33,bust
jordaje01,2.0,65.0,1.7,0.168,-1.0,0.1,-0.2,5,0.2,-0.7,1.7,17.55,rotation
prestpa01,,,,,,,,0,,,,,bust
lawalga01,1.0,1.0,0.0,-0.009,-15.0,0.0,-15.0,1,0.0,-15.0,0.0,-9.1,bust
galloti01,,,,,,,,0,,,,,bust
willila01,,,,,,,,0,,,,,bust
richary01,,,,,,,,0,,,,,bust
alabiso01,2.0,26.0,0.0,0.01,-4.4,-0.1,-2.2,2,-0.1,-5.55,0.0,8.1,bust
rollema01,,,,,,,,0,,,,,bust
haranlu01,2.0,70.0,0.9,0.048,-3.5,-0.3,-2.8,4,-0.7,-3.67,1.5,10.05,bust
sypa01,1.0,3.0,0.0,-0.047,-6.0,0.0,-6.0,1,0.0,-6.0,0.0,9.2,bust
warrewi01,1.0,19.0,0.2,0.065,-2.7,0.0,-2.7,1,0.0,-2.7,0.2,10.8,bust
evansje01,7.0,250.0,8.2,0.15,0.9,1.9,5.0,5,1.8,2.52,7.5,19.0,rotation
ndiayha01,3.0,33.0,0.0,0.013,-7.3,-0.2,-6.3,4,-0.2,-11.73,0.1,-1.63,bust
reidry01,1.0,5.0,0.1,0.142,-2.0,0.0,-2.0,1,0.0,-2.0,0.1,17.6,bust
caracde01,1.0,41.0,0.3,0.057,-7.1,-0.3,-7.1,1,-0.3,-7.1,0.3,10.0,bust
robinst01,,,,,,,,0,,,,,bust
collidw01,,,,,,,,0,,,,,bust
irvinky01,14.0,779.0,91.0,0.163,4.5,43.7,7.7,5,14.7,3.52,31.5,20.86,superstar
willide02,7.0,428.0,14.1,0.076,-1.6,0.8,0.3,5,0.2,-2.36,9.9,11.68,rotation
kanteen01,11.0,748.0,52.8,0.157,-0.1,7.6,2.2,5,-0.7,-2.46,15.3,17.1,starter
thomptr01,13.0,819.0,49.3,0.116,-1.7,1.3,0.2,5,0.6,-1.92,27.5,15.16,rotation
valanjo01,14.0,1002.0,87.6,0.172,0.9,18.2,3.2,5,3.4,-0.08,25.7,18.73,all_star
veselja01,3.0,162.0,4.0,0.078,-2.6,-0.4,0.7,5,-0.2,-2.0,5.6,11.56,bust
biyombi01,15.0,892.0,33.3,0.094,-2.6,-2.6,-0.2,5,-1.0,-2.3,15.1,12.82,bust
knighbr03,9.0,451.0,11.6,0.042,-1.6,1.4,2.5,5,3.9,-0.36,14.1,15.16,rotation
walkeke02,12.0,750.0,59.8,0.116,2.8,29.8,4.6,5,12.0,1.72,24.6,17.78,superstar
fredeji01,6.0,241.0,2.2,0.033,-2.5,-0.4,22.6,5,0.4,-1.8,3.0,13.82,bust
thompkl01,13.0,934.0,57.6,0.094,0.4,17.6,4.4,5,10.0,1.06,29.5,16.26,all_star
burksal01,14.0,791.0,31.7,0.087,-0.5,6.6,2.0,5,0.9,-1.5,8.9,13.72,starter
morrima02,14.0,791.0,27.3,0.071,-1.5,2.3,1.0,5,2.5,-1.14,14.7,14.22,rotation
morrima03,13.0,832.0,39.4,0.086,-0.8,6.7,0.7,5,0.9,-3.28,7.6,10.12,starter
leonaka01,14.0,798.0,111.9,0.212,6.6,55.2,10.1,5,18.7,5.32,41.7,20.08,superstar
vucevni01,15.0,1036.0,84.3,0.125,2.1,33.2,6.6,5,5.7,0.04,24.1,18.7,superstar
shumpim01,10.0,461.0,12.9,0.054,-1.7,0.9,-0.1,5,1.1,-1.28,8.1,11.08,rotation
singlch01,3.0,148.0,2.3,0.042,-3.2,-0.8,-2.2,3,-0.9,-3.7,2.2,8.3,bust
harrito02,15.0,1033.0,80.6,0.119,1.0,24.3,3.7,5,1.6,-1.04,9.8,15.34,all_star
motiedo01,6.0,251.0,7.1,0.075,-2.5,-0.5,-0.5,5,-0.1,-3.08,7.1,12.15,bust
smithno01,2.0,84.0,-0.8,-0.047,-6.0,-0.8,-5.5,2,-0.9,-6.2,-0.8,7.45,bust
farieke01,8.0,478.0,38.8,0.159,0.5,7.5,2.2,5,6.4,0.9,30.0,19.92,starter
mirotni01,5.0,319.0,20.8,0.129,1.6,7.1,4.6,5,3.3,1.9,9.6,16.75,starter
jacksre01,14.0,884.0,36.3,0.08,-0.6,7.5,2.7,5,4.2,-0.32,15.3,14.32,starter
brookma01,5.0,200.0,3.3,0.046,-1.6,0.4,7.1,5,0.0,-1.8,2.5,15.38,rotation
hamiljo02,5.0,151.0,3.0,0.069,-0.1,1.0,1.6,5,1.8,0.46,4.3,13.68,rotation
johnsja02,1.0,36.0,0.2,0.032,-3.9,-0.1,-3.9,1,-0.1,-3.9,0.2,11.4,bust
coleno01,6.0,360.0,3.0,0.018,-4.1,-4.1,-2.4,5,-3.9,-4.02,3.8,9.08,bust
josepco01,14.0,866.0,32.1,0.084,-1.1,4.0,1.4,5,2.3,-0.86,11.8,12.6,starter
butleji01,15.0,907.0,129.4,0.207,5.0,52.8,8.7,5,12.3,2.16,35.5,16.76,superstar
bogdabo02,10.0,719.0,37.6,0.086,-0.9,5.8,0.8,5,-0.7,-2.6,3.3,11.15,starter
harpeju01,3.0,22.0,-0.3,-0.093,-8.7,-0.2,-4.2,5,-0.2,-7.05,-0.3,4.3,bust
singlky01,6.0,356.0,10.0,0.062,-2.5,-0.9,-1.4,5,-0.2,-2.05,10.3,9.93,bust
macksh01,8.0,456.0,10.3,0.059,-1.9,0.1,-1.1,5,-0.3,-5.54,1.7,7.9,rotation
honeyty01,2.0,24.0,-0.1,-0.049,-5.1,-0.1,-2.2,2,-0.1,-7.7,-0.1,6.15,bust
willijo03,1.0,43.0,1.3,0.101,-2.1,0.0,-2.1,1,0.0,-2.1,1.3,14.5,bust
thomptr02,1.0,24.0,0.0,0.004,-5.7,-0.1,-5.7,1,-0.1,-5.7,0.0,12.0,bust
parsoch01,9.0,440.0,28.9,0.105,1.1,10.2,2.0,5,10.5,1.62,27.8,15.4,all_star
tylerje01,3.0,104.0,0.3,0.014,-7.0,-1.3,-3.2,5,-1.4,-6.96,0.1,8.84,bust
leuerjo01,8.0,377.0,13.2,0.107,-0.7,2.0,1.0,5,0.5,-2.32,3.8,12.76,rotation
morrida01,4.0,132.0,-0.3,-0.01,-5.1,-1.2,-2.5,5,-1.0,-5.9,0.1,7.18,bust
bertada01,8.0,475.0,18.6,0.105,0.2,4.7,4.0,5,,,,,starter
leema01,3.0,36.0,0.4,0.04,-2.5,-0.1,-1.3,4,-0.1,-10.9,0.5,-0.2,bust
jenkich01,2.0,110.0,0.5,0.017,-4.5,-0.8,-4.0,4,-1.2,-4.62,0.5,8.85,bust
harrejo01,3.0,75.0,2.1,0.116,-0.4,0.4,0.1,3,0.4,-2.17,2.1,11.87,rotation
goudean01,3.0,49.0,0.0,0.003,-5.0,-0.3,-3.6,5,-0.3,-8.17,0.1,4.77,bust
leslitr01,1.0,10.0,0.1,0.06,-0.3,0.0,-0.3,1,0.0,-0.3,0.1,14.6,bust
bensoke02,1.0,3.0,0.0,-0.005,-7.7,0.0,-7.7,1,0.0,-7.7,0.0,6.0,bust
selbyjo01,2.0,38.0,-0.7,-0.113,-9.5,-0.6,-8.8,2,-0.6,-10.6,-0.7,1.7,bust
allenla01,6.0,388.0,13.8,0.096,-2.1,-0.1,0.0,5,-1.4,-2.56,7.1,13.22,bust
diebljo01,,,,,,,,0,,,,,bust
macklve01,1.0,23.0,0.5,0.161,1.2,0.1,1.2,1,0.1,1.2,0.5,18.2,bust
liggide01,5.0,177.0,1.6,0.04,-2.2,-0.1,41.5,5,0.0,12.1,0.6,49.13,bust
macvami01,,,,,,,,0,,,,,bust
mooreet01,10.0,598.0,14.8,0.057,-1.9,0.2,-1.5,5,0.2,-1.94,4.7,10.46,rotation
maduach01,,,,,,,,0,,,,,bust
ngombta01,,,,,,,,0,,,,,bust
majokat01,,,,,,,,0,,,,,bust
hangaad01,,,,,,,,0,,,,,bust
thomais02,12.0,556.0,45.3,0.14,2.1,16.1,6.7,5,9.4,2.04,27.1,19.18,all_star
davisan02,14.0,807.0,120.1,0.208,5.8,54.9,9.4,5,21.4,5.2,48.7,26.3,superstar
kiddgmi01,8.0,446.0,21.0,0.092,-1.8,0.6,0.0,5,1.1,-1.18,15.4,14.46,rotation
bealbr01,14.0,807.0,58.4,0.101,1.4,23.7,3.4,5,7.6,0.7,21.9,15.5,all_star
waitedi01,8.0,419.0,8.8,0.036,-2.1,-0.4,1.8,5,-1.2,-2.64,4.8,12.18,bust
robinth01,5.0,313.0,4.6,0.053,-3.5,-1.6,-0.7,5,-2.0,-4.06,2.9,12.58,bust
lillada01,13.0,900.0,118.4,0.174,4.6,54.5,7.5,5,19.7,3.52,45.6,20.4,superstar
barneha02,14.0,1070.0,66.4,0.097,-0.8,10.0,0.2,5,2.6,-1.06,22.2,12.56,all_star
rosste01,11.0,733.0,25.0,0.067,-1.0,4.5,1.2,5,3.1,-0.8,14.6,11.98,starter
drumman01,14.0,967.0,80.0,0.151,1.0,18.9,3.2,5,8.7,1.18,36.2,21.54,all_star
riverau01,11.0,707.0,15.2,0.043,-3.1,-4.5,-1.2,5,-2.6,-3.62,2.5,9.7,bust
leoname01,10.0,456.0,15.8,0.104,-1.5,1.0,2.0,5,-0.3,-2.34,9.4,11.3,rotation
lambje01,10.0,573.0,26.8,0.108,0.6,7.9,1.6,5,2.9,-0.48,10.5,14.48,starter
marshke01,4.0,160.0,1.0,0.015,-3.5,-1.1,-0.8,4,-1.2,-3.92,1.0,9.88,bust
hensojo01,8.0,445.0,20.7,0.113,-0.5,3.4,2.5,5,2.2,-0.58,13.8,17.6,starter
harklma01,10.0,621.0,23.0,0.079,-0.8,4.1,1.4,5,2.2,-1.28,12.6,11.82,starter
whitero03,1.0,3.0,0.0,-0.121,-16.9,0.0,-16.9,1,0.0,-16.9,0.0,-8.3,bust
zellety01,8.0,414.0,17.1,0.113,-2.0,0.0,0.9,5,0.0,-2.2,13.8,14.74,rotation
joneste01,6.0,234.0,14.7,0.127,0.5,3.6,2.2,5,3.7,0.48,14.8,16.82,starter
nichoan01,5.0,285.0,3.8,0.045,-3.6,-1.6,-1.1,5,-1.6,-3.96,3.9,11.2,bust
fournev01,12.0,704.0,30.5,0.075,-1.1,4.3,1.7,5,1.3,-1.54,13.0,13.0,starter
sullija01,5.0,269.0,15.3,0.113,-0.4,2.7,1.1,5,2.6,-1.76,15.3,14.1,rotation
melofa01,1.0,6.0,0.0,0.021,-7.6,-0.1,-7.6,1,-0.1,-7.6,0.0,4.9,bust
jenkijo01,6.0,171.0,3.0,0.065,-1.9,0.1,6.6,5,-0.0,-3.08,2.6,10.16,rotation
cunnija01,4.0,84.0,0.2,0.017,-5.7,-0.6,-1.3,5,-0.2,-5.28,0.2,8.24,bust
wroteto01,4.0,145.0,-1.3,-0.021,-3.4,-1.1,-1.2,4,-1.0,-5.53,-1.3,9.72,bust
plumlmi01,7.0,346.0,10.6,0.09,-1.9,0.2,1.6,5,1.0,-2.06,9.1,12.98,rotation
moultar01,2.0,59.0,1.7,0.113,-2.8,-0.1,-1.2,2,-0.2,-4.25,1.7,11.7,bust
jonespe01,3.0,143.0,1.7,0.048,-3.5,-0.6,-1.4,3,-0.7,-4.37,1.7,8.27,bust
teaguma01,3.0,91.0,-0.9,-0.045,-6.5,-1.0,-5.6,5,-1.6,-6.95,-1.4,4.55,bust
ezelife01,3.0,170.0,5.9,0.119,-2.0,0.0,-0.1,5,0.0,-1.77,5.9,14.4,rotation
tayloje03,3.0,132.0,1.3,0.024,-4.2,-1.5,-3.6,3,-1.4,-4.63,1.3,8.13,bust
satorto01,6.0,388.0,17.9,0.1,-0.9,2.4,1.2,5,-0.1,-2.4,0.6,8.5,rotation
jamesbe01,3.0,92.0,1.9,0.117,-1.8,0.0,0.8,3,0.0,-1.9,1.8,13.07,rotation
crowdja01,13.0,812.0,43.0,0.102,0.1,10.9,2.5,5,3.0,0.04,11.5,12.56,all_star
greendr01,14.0,949.0,66.3,0.117,2.1,27.9,5.5,5,14.5,2.44,32.9,14.4,superstar
johnsor01,3.0,103.0,1.4,0.059,-2.4,-0.1,0.2,5,-0.3,-4.92,1.7,5.62,bust
acyqu01,7.0,337.0,8.7,0.078,-2.0,-0.1,5.0,5,0.1,-0.38,5.8,12.94,bust
millequ01,3.0,69.0,-0.1,-0.003,-3.9,-0.5,-0.1,5,-0.6,-4.9,-0.2,7.32,bust
middlkh01,14.0,839.0,58.2,0.111,0.5,15.7,4.1,5,4.3,-0.46,18.0,14.26,all_star
bartowi01,11.0,679.0,26.5,0.074,-0.4,6.9,1.2,5,0.3,-1.64,2.7,12.08,starter
tayloty01,2.0,61.0,-0.9,-0.088,-8.1,-0.8,-7.4,2,-0.8,-8.05,-1.0,5.8,bust
lambdo01,2.0,100.0,0.1,0.005,-5.8,-1.2,-4.6,4,-2.1,-6.62,-0.2,5.45,bust
scottmi01,9.0,555.0,16.8,0.088,-1.7,0.6,-0.1,5,0.8,-2.24,9.3,13.32,rotation
engliki01,1.0,41.0,0.2,0.021,-4.2,-0.2,-4.2,1,-0.2,-4.2,0.2,7.9,bust
hamilju01,3.0,113.0,3.7,0.091,-0.9,0.5,0.7,5,0.2,-4.1,1.7,9.78,rotation
milleda01,6.0,271.0,6.5,0.059,-2.3,-0.4,3.6,5,-0.3,-5.6,1.2,3.4,bust
murphke01,1.0,17.0,-0.3,-0.272,-16.8,-0.2,-16.8,1,-0.2,-16.8,-0.3,-4.5,bust
papanko01,2.0,69.0,0.3,0.015,-2.7,-0.2,-2.0,4,-0.2,-3.25,0.4,6.9,bust
oquinky01,8.0,472.0,17.8,0.128,0.9,5.0,3.1,5,2.7,0.02,11.0,17.02,starter
turkyiz01,,,,,,,,0,,,,,bust
josepkr01,1.0,10.0,-0.1,-0.127,-9.9,-0.1,-4.1,3,-0.2,-10.37,-0.2,0.37,bust
kuzmiog01,2.0,37.0,0.2,0.061,-5.6,-0.2,-1.4,3,-0.2,-5.15,0.3,8.15,bust
aldemfu01,1.0,41.0,1.4,0.122,-3.6,-0.2,-3.6,3,-0.2,-3.6,1.4,12.0,bust
shengto01,2.0,45.0,-0.2,-0.032,-7.0,-0.3,-2.7,4,-0.5,-6.1,-0.3,6.17,bust
johnsda03,2.0,7.0,-0.3,-0.597,-25.5,-0.1,-21.0,2,-0.1,-24.15,-0.3,-14.85,bust
zubcito01,,,,,,,,0,,,,,bust
karamil01,,,,,,,,0,,,,,bust
hummero01,2.0,98.0,1.9,0.066,-3.1,-0.4,-2.0,3,-0.4,-3.05,1.9,9.65,bust
denmoma01,,,,,,,,0,,,,,bust
sacrero01,4.0,189.0,2.4,0.042,-4.0,-1.4,-3.5,4,-1.4,-5.12,2.4,9.2,bust
bennean01,4.0,151.0,0.5,0.013,-4.8,-1.3,-1.4,4,-1.3,-4.15,0.5,10.85,bust
oladivi01,10.0,504.0,25.6,0.076,0.7,11.0,5.8,5,9.5,1.04,21.9,16.58,all_star
porteot01,11.0,527.0,36.7,0.132,1.7,12.5,3.5,5,9.0,0.24,25.8,13.54,all_star
zelleco01,11.0,552.0,33.5,0.14,-0.7,3.9,0.2,5,2.5,-0.74,20.2,15.18,starter
lenal01,12.0,690.0,23.9,0.097,-1.9,0.3,0.3,5,-0.6,-2.94,12.4,13.52,rotation
noelne01,9.0,467.0,28.3,0.132,0.9,7.4,3.2,5,3.8,1.27,13.2,18.1,starter
mclembe01,9.0,556.0,9.0,0.035,-3.1,-3.4,-0.5,5,-3.1,-3.62,4.5,9.24,bust
caldwke01,13.0,963.0,49.2,0.084,-1.0,7.2,0.3,5,3.7,-0.9,19.7,11.8,starter
burketr01,9.0,498.0,12.9,0.06,-1.3,1.7,2.5,5,1.1,-1.0,8.3,14.2,rotation
mccolcj01,13.0,863.0,54.9,0.096,1.1,21.5,4.5,5,7.7,0.1,22.2,15.32,all_star
cartemi01,9.0,395.0,6.6,0.032,-1.2,1.8,2.4,5,2.4,-0.74,4.1,14.52,rotation
adamsst01,12.0,796.0,63.7,0.149,0.5,12.9,2.9,5,4.4,-0.48,29.7,15.58,all_star
olynyke01,13.0,842.0,47.1,0.123,0.8,13.1,3.8,5,5.3,0.74,20.2,16.1,all_star
muhamsh01,5.0,278.0,8.5,0.085,-2.0,0.0,6.0,5,-0.0,-2.24,8.4,15.7,rotation
antetgi01,13.0,895.0,125.8,0.206,6.8,65.5,11.5,5,16.3,2.62,38.8,19.56,superstar
noguelu01,4.0,141.0,6.0,0.165,2.3,1.9,5.2,5,2.0,-0.82,6.0,13.4,rotation
schrode01,13.0,912.0,34.2,0.066,-1.5,2.9,0.0,5,1.8,-2.0,10.3,14.08,rotation
larkish01,4.0,256.0,4.4,0.044,-2.4,-0.6,-1.7,5,-0.5,-2.57,4.4,10.7,bust
karasse01,3.0,95.0,0.8,0.036,-3.4,-0.4,-1.7,3,-0.5,-4.63,0.9,7.1,bust
snellto01,9.0,601.0,18.5,0.068,-2.0,-0.1,-0.5,5,-0.5,-2.4,10.2,8.56,bust
dienggo01,10.0,628.0,30.7,0.117,0.2,7.1,3.5,5,4.5,-0.24,21.6,15.94,starter
plumlma01,13.0,880.0,58.4,0.148,1.2,15.2,2.8,5,7.8,1.48,26.2,18.24,all_star
hillso01,9.0,448.0,11.9,0.059,-2.1,-0.3,0.1,5,0.3,-2.26,8.6,8.56,bust
hardati02,13.0,893.0,38.2,0.075,-1.2,5.2,0.5,5,2.1,-1.12,13.2,13.22,starter
bullore01,11.0,556.0,21.4,0.082,-1.2,2.6,0.8,5,-0.0,-3.42,1.6,6.12,rotation
roberan03,7.0,307.0,12.6,0.089,-0.6,2.3,0.5,5,2.5,-0.74,12.7,9.76,rotation
goberru01,13.0,905.0,124.9,0.216,3.1,35.8,5.4,5,12.2,2.3,38.5,19.2,superstar
jeancli01,,,,,,,,0,,,,,bust
goodwar01,4.0,165.0,1.1,0.022,-3.0,-0.6,3.3,5,-0.7,-1.02,1.4,14.2,bust
nedovne01,1.0,24.0,-0.4,-0.132,-10.0,-0.3,-10.0,1,-0.3,-10.0,-0.4,-1.7,bust
crabbal01,7.0,381.0,13.7,0.072,-1.6,0.9,-0.7,5,1.7,-1.98,13.1,10.5,rotation
abrinal01,3.0,174.0,5.0,0.086,-1.9,0.1,-1.5,5,0.2,-1.55,4.3,9.55,rotation
felixca01,1.0,7.0,0.0,0.057,-3.4,0.0,-3.4,1,0.0,-3.4,0.0,13.3,bust
canaais01,6.0,235.0,4.3,0.043,-2.4,-0.5,-0.4,5,0.3,-1.74,4.4,11.52,bust
ricegl02,2.0,16.0,-0.2,-0.065,-6.6,-0.2,-2.9,2,-0.1,-9.4,-0.2,1.5,bust
mccalra01,3.0,154.0,2.1,0.035,-2.6,-0.4,-1.7,5,-0.5,-2.92,2.4,9.86,bust
mitchto02,1.0,21.0,0.2,0.151,0.4,0.0,0.4,1,0.0,0.4,0.2,18.1,bust
woltena01,3.0,84.0,0.9,0.028,-2.6,-0.2,-1.8,5,-0.3,-4.92,0.9,6.55,bust
witheje01,5.0,207.0,6.8,0.157,0.5,1.3,1.4,5,1.4,-0.58,6.7,15.52,rotation
jerregr01,1.0,8.0,-0.1,-0.128,-10.8,-0.1,-1.6,3,-0.2,-10.93,-0.2,1.37,bust
frankja01,2.0,24.0,0.0,-0.006,-5.9,-0.2,-5.6,2,-0.2,-5.75,0.0,4.8,bust
jackspi01,1.0,8.0,0.0,0.021,-4.4,-0.1,-4.4,1,-0.1,-4.4,0.0,13.0,bust
ledori01,2.0,28.0,-0.6,-0.096,-7.6,-0.4,-3.9,4,-0.8,-12.6,-1.2,1.02,bust
muscami01,11.0,548.0,19.2,0.112,-0.2,3.7,5.0,5,1.9,-0.98,9.5,14.24,starter
todorma01,,,,,,,,0,,,,,bust
greener01,2.0,52.0,0.1,0.011,-4.0,-0.2,-0.6,5,-0.2,-3.82,0.2,9.22,bust
netora01,8.0,435.0,11.6,0.082,-1.5,0.8,-0.1,5,0.3,-1.17,3.4,10.93,rotation
kellyry01,4.0,163.0,3.0,0.046,-2.6,-0.5,-1.5,4,-0.4,-2.85,3.1,9.82,bust
murpher01,1.0,24.0,-0.1,-0.055,-8.6,-0.1,-8.6,1,-0.1,-8.6,-0.1,0.2,bust
ennisja01,8.0,395.0,16.2,0.097,-1.5,0.9,4.4,5,0.5,0.65,2.9,12.5,rotation
osbyro01,,,,,,,,0,,,,,bust
brownlo01,5.0,103.0,-0.2,-0.007,-3.5,-0.5,-2.5,5,-0.4,-4.65,0.0,7.95,bust
iversco01,,,,,,,,0,,,,,bust
kazemar01,,,,,,,,0,,,,,bust
lauvejo01,4.0,208.0,5.2,0.089,-2.1,-0.1,-1.0,5,-0.1,-2.75,5.3,12.93,bust
sivape01,1.0,24.0,-0.2,-0.032,-6.4,-0.2,-6.4,1,-0.2,-6.4,-0.2,5.7,bust
oriakal01,,,,,,,,0,,,,,bust
thomade01,,,,,,,,0,,,,,bust
dubljbo01,,,,,,,,0,,,,,bust
timmaja01,,,,,,,,0,,,,,bust
wiggian01,12.0,834.0,37.6,0.065,-1.2,5.8,1.2,5,-0.5,-2.16,13.1,14.46,starter
parkeja01,8.0,310.0,13.8,0.078,-0.8,2.5,2.6,5,1.9,-0.82,11.5,16.2,rotation
embiijo01,10.0,490.0,69.0,0.212,6.7,34.3,11.6,5,7.7,4.23,16.8,24.37,superstar
gordoaa01,12.0,756.0,50.1,0.109,0.4,13.4,2.1,5,4.6,-0.36,18.1,14.9,all_star
exumda01,8.0,320.0,6.6,0.053,-2.8,-1.2,0.1,5,-1.4,-2.4,2.8,10.53,bust
smartma01,12.0,697.0,36.2,0.085,-0.5,7.6,1.4,5,3.3,-0.64,16.2,11.64,starter
randlju01,12.0,789.0,56.9,0.108,1.0,19.4,3.8,5,3.3,-3.42,17.7,12.7,all_star
stausni01,6.0,343.0,3.9,0.028,-3.0,-1.7,-1.3,5,-1.8,-3.62,2.7,7.12,bust
vonleno01,8.0,362.0,9.4,0.077,-2.5,-0.7,-0.6,5,-1.0,-2.68,6.3,11.48,bust
paytoel01,9.0,524.0,15.1,0.052,-1.1,3.1,1.1,5,4.4,-0.14,14.4,15.9,starter
mcderdo01,12.0,726.0,21.7,0.074,-2.2,-0.7,0.0,5,-0.9,-3.2,8.0,9.66,bust
saricda01,9.0,498.0,20.8,0.09,-0.8,3.4,1.3,5,1.9,-0.87,11.1,13.9,starter
lavinza01,12.0,693.0,38.6,0.082,0.6,14.6,4.0,5,1.3,-1.5,8.0,14.7,all_star
warretj01,9.0,385.0,20.9,0.097,-0.4,4.1,1.1,5,2.6,-0.58,12.9,15.84,starter
paynead01,4.0,107.0,-0.6,-0.019,-5.9,-1.4,2.4,5,-2.3,-6.56,-1.3,7.68,bust
nurkiju01,12.0,631.0,34.7,0.108,0.4,9.5,3.7,5,0.5,-1.56,6.0,16.86,starter
youngja01,4.0,95.0,0.8,0.046,-3.4,-0.3,-1.3,4,-0.3,-4.03,0.8,6.67,bust
ennisty01,4.0,186.0,1.3,0.026,-3.4,-0.8,-0.8,5,-1.0,-3.68,0.2,9.5,bust
harriga01,12.0,666.0,27.5,0.076,-1.4,2.6,0.8,5,3.2,-1.26,16.0,12.56,rotation
cabocbr01,7.0,105.0,1.5,0.054,-2.7,-0.2,1.0,5,-0.4,-8.64,-0.3,2.48,bust
mcgarmi01,2.0,52.0,1.3,0.108,-2.6,-0.1,-1.9,2,-0.1,-4.6,1.3,12.0,bust
adamsjo01,2.0,32.0,0.4,0.07,1.7,0.2,6.9,2,0.2,4.15,0.4,15.05,bust
hoodro01,8.0,448.0,17.4,0.076,-1.2,2.2,0.7,5,3.9,-0.1,15.4,13.64,rotation
napiesh01,6.0,345.0,8.1,0.065,-0.7,2.0,1.5,5,1.6,-0.88,6.4,12.4,rotation
capelca01,12.0,739.0,72.6,0.19,1.6,16.5,3.4,5,7.3,0.36,31.3,20.02,all_star
hairspj02,2.0,111.0,0.9,0.021,-3.9,-1.0,-2.9,4,-1.8,-4.47,1.5,7.23,bust
bogdabo01,9.0,526.0,25.0,0.081,0.1,7.7,3.6,5,,,,,starter
wilcocj01,3.0,66.0,0.1,0.007,-4.3,-0.2,-1.5,3,-0.3,-4.83,0.1,8.1,bust
huestjo01,3.0,76.0,0.7,0.03,-3.5,-0.4,8.8,3,-0.4,0.7,0.7,12.73,bust
anderky01,12.0,757.0,41.3,0.122,1.7,15.1,3.3,5,5.5,1.1,15.4,12.46,all_star
inglida01,1.0,20.0,-0.1,-0.024,-5.6,-0.1,-5.6,2,-0.1,-5.6,-0.1,6.7,bust
mcdankj01,3.0,148.0,1.3,0.03,-2.8,-0.4,-1.9,5,-0.7,-4.16,1.9,9.62,bust
harrijo01,10.0,504.0,23.1,0.09,-0.7,4.1,0.5,5,1.6,-2.88,10.5,8.96,starter
earlycl01,2.0,56.0,-0.6,-0.039,-5.9,-0.8,-5.2,2,-0.8,-6.9,-0.6,5.3,bust
stokeja01,3.0,28.0,0.6,0.202,0.1,0.1,16.8,5,0.0,3.5,0.8,21.1,bust
obryajo01,4.0,147.0,0.2,0.006,-6.2,-1.8,-1.6,5,-1.5,-4.58,0.1,11.2,bust
daniede01,,,,,,,,0,,,,,bust
dinwisp01,11.0,621.0,36.0,0.1,-0.1,8.1,2.9,5,3.0,-1.56,13.5,12.8,starter
grantje01,12.0,776.0,40.7,0.09,-0.4,8.7,1.2,5,0.2,-3.14,8.4,8.94,starter
robingl02,7.0,304.0,7.9,0.071,-1.7,0.4,-0.3,5,0.3,-3.52,3.4,9.64,rotation
jokicni01,11.0,810.0,142.9,0.265,10.6,82.5,14.2,5,19.9,6.8,38.9,24.62,superstar
johnsni01,1.0,28.0,-0.1,-0.02,-6.5,-0.3,-6.5,1,-0.3,-6.5,-0.1,4.8,bust
tavarwa01,2.0,13.0,0.2,0.118,-0.4,0.0,4.1,5,0.0,1.12,0.4,17.85,bust
brownma02,3.0,113.0,1.1,0.029,-2.9,-0.4,-2.6,4,-0.5,-5.47,1.1,6.4,bust
poweldw01,12.0,768.0,50.5,0.18,0.7,9.1,12.9,5,1.6,2.28,8.9,19.22,starter
clarkjo01,12.0,825.0,25.9,0.056,-1.1,5.1,2.7,5,2.6,-0.6,10.8,15.54,starter
smithru01,2.0,27.0,-0.2,-0.068,-5.1,-0.1,4.4,4,-0.2,-7.75,-0.3,5.45,bust
pattela01,2.0,40.0,0.1,0.006,-5.7,-0.4,-5.1,3,-0.4,-8.25,0.1,1.6,bust
bairsca01,2.0,36.0,-0.1,-0.021,-8.1,-0.3,-7.5,2,-0.2,-8.25,-0.1,4.45,bust
brownal01,,,,,,,,0,,,,,bust
antetth01,7.0,232.0,2.1,0.061,-4.1,-0.9,5.9,5,0.0,5.9,0.0,32.9,bust
micicva01,2.0,101.0,-0.6,-0.015,-5.6,-1.8,-4.4,5,,,,,bust
gential01,,,,,,,,0,,,,,bust
dangune01,,,,,,,,0,,,,,bust
chrisse01,1.0,64.0,0.1,0.006,-5.1,-0.8,-5.1,3,-0.8,-5.1,0.1,5.7,bust
marblde01,2.0,44.0,-0.3,-0.028,-5.5,-0.4,-4.8,2,-0.4,-5.5,-0.2,5.55,bust
labeylo01,,,,,,,,0,,,,,bust
mcraejo01,4.0,123.0,1.7,0.048,-2.1,0.0,2.5,5,-0.2,-2.25,1.0,13.07,rotation
thamexa01,,,,,,,,0,,,,,bust
jeffeco01,2.0,58.0,0.9,0.071,-3.3,-0.2,-3.0,2,-0.2,-4.7,0.9,12.95,bust
townska01,11.0,720.0,94.6,0.187,4.3,38.5,7.8,5,21.1,5.16,50.5,25.22,superstar
russeda01,11.0,655.0,26.5,0.066,0.6,12.4,3.4,5,5.6,0.2,8.5,16.36,all_star
okafoja01,7.0,248.0,7.2,0.071,-2.0,0.0,7.5,5,-0.2,-2.84,3.6,14.36,rotation
porzikr01,10.0,533.0,50.4,0.15,2.6,18.9,5.7,5,6.1,1.23,17.3,18.92,all_star
hezonma01,5.0,330.0,3.2,0.025,-2.8,-1.2,-0.5,5,-1.2,-3.06,3.2,10.12,bust
caulewi01,7.0,422.0,23.3,0.121,-0.1,4.4,3.1,5,4.2,-0.04,20.2,16.84,starter
mudiaem01,6.0,302.0,-0.2,-0.001,-3.2,-2.2,-1.2,5,-2.8,-3.88,-1.9,10.96,bust
johnsst04,8.0,449.0,6.9,0.037,-2.7,-1.6,-1.0,5,-1.1,-2.6,4.0,8.86,bust
kaminfr01,8.0,413.0,15.9,0.094,-0.2,3.7,4.9,5,2.4,-0.48,12.4,14.18,starter
winslju01,8.0,344.0,8.2,0.044,-2.1,-0.3,-0.6,5,0.4,-2.34,7.8,9.88,bust
turnemy01,11.0,713.0,51.7,0.122,0.6,13.5,2.5,5,6.3,0.38,26.3,16.66,all_star
lylestr01,10.0,650.0,22.0,0.088,-1.0,3.0,1.3,5,1.3,-1.26,10.4,12.94,starter
bookede01,11.0,737.0,58.0,0.11,1.2,20.2,4.2,5,5.3,-0.12,17.3,17.08,all_star
payneca01,11.0,499.0,14.8,0.081,-0.6,3.2,3.1,5,-0.6,-4.04,1.5,8.5,starter
oubreke01,11.0,705.0,27.6,0.068,-1.8,0.8,-0.4,5,-0.5,-2.76,9.1,11.54,rotation
roziete01,10.0,665.0,30.6,0.08,0.2,10.1,2.3,5,3.6,-1.2,12.9,11.74,all_star
vaughra01,3.0,139.0,-0.6,-0.017,-4.7,-1.2,-1.3,5,-1.1,-3.7,-0.3,7.3,bust
dekkesa01,5.0,201.0,5.4,0.083,-1.4,0.5,2.2,5,0.5,-0.76,5.6,12.54,rotation
grantje02,5.0,279.0,8.3,0.08,-1.6,0.5,0.1,5,0.6,-2.48,8.3,11.22,rotation
wrighde01,10.0,548.0,28.9,0.124,1.9,11.1,3.4,5,4.9,1.88,12.8,15.86,all_star
anderju01,6.0,242.0,4.9,0.072,-1.5,0.4,0.3,5,0.9,-0.96,6.1,13.34,rotation
portibo01,11.0,721.0,36.6,0.106,-0.4,6.8,1.5,5,0.8,-1.66,9.7,16.34,starter
holliro01,6.0,305.0,12.9,0.091,-0.7,2.3,0.8,5,2.1,-0.54,12.5,14.48,rotation
jonesty01,11.0,749.0,34.9,0.109,0.4,9.2,1.7,5,2.8,-0.28,11.4,13.7,starter
martija01,4.0,184.0,3.2,0.053,-4.3,-1.7,-3.7,4,-1.7,-4.35,3.2,10.65,bust
milutni01,,,,,,,,0,,,,,bust
nancela02,11.0,581.0,35.2,0.13,1.1,10.1,2.4,5,4.3,1.22,17.3,18.04,all_star
hunterj01,4.0,45.0,0.4,0.051,-2.0,0.0,3.6,4,0.0,-2.7,0.4,8.62,bust
mcculch01,3.0,59.0,0.6,0.054,-2.5,-0.1,-1.8,5,0.0,-3.98,0.7,12.22,bust
looneke01,11.0,620.0,38.1,0.172,0.3,6.2,2.1,5,1.1,-1.9,10.3,14.74,starter
osmande01,7.0,476.0,12.5,0.055,-2.1,-0.3,0.2,5,-1.2,-2.9,4.0,11.07,bust
harremo01,8.0,515.0,42.9,0.195,2.6,12.2,4.8,5,7.7,1.98,26.2,21.02,all_star
mickejo01,3.0,64.0,0.5,0.05,-4.8,-0.3,-1.5,3,-0.4,-3.93,0.5,11.9,bust
brownan02,3.0,41.0,-0.2,-0.016,-5.1,-0.6,30.5,5,-0.7,2.58,-0.3,15.68,bust
hernawi01,7.0,344.0,16.3,0.152,0.1,2.8,2.8,5,1.4,0.9,7.0,20.52,rotation
chrisra01,2.0,30.0,0.5,0.105,-4.7,-0.2,6.5,2,-0.2,0.75,0.5,21.2,bust
holmeri01,10.0,489.0,30.7,0.158,0.1,5.0,1.1,5,3.3,0.44,17.3,18.46,starter
hillida01,3.0,91.0,0.3,0.016,-4.7,-0.6,-2.5,3,-0.5,-5.47,0.3,6.67,bust
vauleju01,,,,,,,,0,,,,,bust
richajo01,10.0,554.0,27.7,0.084,-0.6,5.5,0.7,5,4.3,-0.46,17.8,12.34,starter
connapa01,11.0,637.0,25.3,0.103,-0.5,4.5,1.2,5,1.8,-1.74,10.2,10.16,starter
hanlaol01,,,,,,,,0,,,,,bust
youngjo01,3.0,127.0,0.4,0.016,-4.1,-0.6,-3.5,3,-0.6,-4.47,0.3,10.47,bust
harrian01,3.0,145.0,3.2,0.051,-2.8,-0.6,-1.5,5,-0.7,-6.72,3.1,7.68,bust
thornma02,,,,,,,,0,,,,,bust
powelno01,11.0,675.0,36.4,0.105,0.2,9.2,7.7,5,2.4,-0.48,12.0,13.18,starter
gudaiar01,,,,,,,,0,,,,,bust
johnsda04,1.0,31.0,0.6,0.178,-0.3,0.1,-0.3,1,0.1,-0.3,0.6,16.4,bust
whiteaa01,,,,,,,,0,,,,,bust
eriksma01,,,,,,,,0,,,,,bust
harvety01,,,,,,,,0,,,,,bust
singhsa01,,,,,,,,0,,,,,bust
pointsi01,,,,,,,,0,,,,,bust
diezda01,,,,,,,,0,,,,,bust
lalanca01,,,,,,,,0,,,,,bust
dawsobr01,1.0,6.0,0.0,0.069,-5.7,0.0,-5.7,1,0.0,-5.7,0.0,7.1,bust
radicni01,,,,,,,,0,,,,,bust
tokotjp01,,,,,,,,0,,,,,bust
agravdi01,,,,,,,,0,,,,,bust
mitrolu01,,,,,,,,0,,,,,bust
simmobe01,7.0,383.0,35.4,0.143,3.0,15.0,4.5,5,13.4,3.65,30.3,19.68,all_star
ingrabr01,10.0,572.0,31.8,0.081,0.2,10.3,2.2,5,3.4,-0.66,14.9,14.74,all_star
brownja02,10.0,674.0,47.5,0.109,0.7,14.1,3.3,5,3.9,-0.6,18.7,14.84,all_star
bendedr01,4.0,187.0,0.5,0.006,-3.9,-1.9,-1.2,5,-1.9,-3.4,0.8,8.24,bust
dunnkr01,10.0,489.0,15.7,0.064,-1.0,2.8,2.4,5,0.1,-4.22,3.7,8.28,rotation
hieldbu01,10.0,765.0,28.7,0.066,0.2,11.7,2.1,5,4.2,-0.5,11.3,14.04,all_star
murraja01,9.0,611.0,47.6,0.117,1.4,16.5,4.1,5,5.9,0.3,20.8,16.0,all_star
chrisma01,6.0,292.0,6.5,0.058,-2.4,-0.5,0.6,5,-1.8,-6.06,2.1,9.34,bust
poeltja01,10.0,641.0,48.5,0.161,1.3,11.9,3.6,5,4.6,0.52,22.0,17.14,all_star
makerth01,5.0,263.0,6.6,0.087,-2.1,-0.1,0.7,5,-0.1,-1.76,6.8,11.72,bust
sabondo01,10.0,665.0,71.0,0.166,3.3,27.6,6.5,5,8.0,0.9,27.5,17.52,superstar
princta02,10.0,608.0,15.5,0.05,-2.1,-0.3,-0.9,5,0.2,-1.92,6.2,11.14,bust
papagge01,2.0,39.0,0.4,0.044,-3.9,-0.2,39.9,4,-0.4,6.6,0.5,23.43,bust
valende01,5.0,256.0,4.5,0.044,-1.9,0.2,-0.6,5,0.2,-1.9,4.3,10.62,rotation
hernaju01,7.0,339.0,8.7,0.08,-1.9,0.1,2.2,5,0.0,-2.62,6.2,10.28,rotation
yabusgu01,4.0,211.0,6.4,0.091,-1.5,0.4,-1.0,5,0.0,-1.95,1.1,12.35,rotation
baldwwa01,3.0,56.0,-0.3,-0.028,-5.3,-0.5,1.9,3,-0.4,-4.63,-0.3,8.13,bust
ellenhe01,5.0,83.0,0.4,0.023,-3.7,-0.3,2.2,5,-0.3,-2.3,0.7,11.76,bust
beaslma01,9.0,578.0,20.1,0.07,-0.9,3.7,0.8,5,0.6,-1.86,6.7,12.02,starter
leverca01,10.0,584.0,25.4,0.078,-0.2,7.0,1.5,5,2.9,-0.32,9.7,15.06,starter
bembrde01,6.0,296.0,4.4,0.038,-2.3,-0.4,-0.4,5,-0.7,-3.0,2.2,9.6,bust
richama01,3.0,70.0,-0.1,-0.009,-6.1,-0.7,-4.8,5,-0.9,-6.84,-0.2,6.54,bust
zizican01,3.0,113.0,3.5,0.11,-2.6,-0.2,1.0,4,-0.2,-1.8,3.5,18.93,bust
luwawti01,6.0,328.0,4.7,0.043,-4.0,-2.7,-2.2,5,-2.3,-5.14,2.0,7.18,bust
johnsbr02,2.0,21.0,0.1,0.062,-0.6,0.0,4.5,4,0.1,-0.38,0.3,18.23,bust
korkmfu01,7.0,328.0,7.6,0.067,-2.0,0.1,-0.1,5,0.7,-2.7,5.9,9.93,rotation
siakapa01,10.0,691.0,58.1,0.129,1.8,21.0,3.5,5,7.5,0.78,25.2,16.06,all_star
labissk01,6.0,155.0,4.5,0.082,-2.2,-0.2,3.0,5,-0.2,-2.28,3.3,14.66,bust
murrade01,9.0,517.0,26.8,0.085,1.4,12.9,5.4,5,3.4,-0.77,9.1,14.35,all_star
jonesda03,8.0,279.0,11.3,0.143,-1.0,1.0,1.1,5,0.2,-3.72,6.0,11.52,rotation
davisde01,3.0,107.0,3.6,0.131,-2.1,0.0,-1.5,3,-0.1,-2.7,3.6,14.27,rotation
zubaciv01,10.0,632.0,55.5,0.179,0.8,10.4,3.1,5,0.8,-1.02,8.5,17.8,all_star
diallch01,5.0,183.0,6.3,0.139,-1.4,0.3,-0.9,5,0.3,-1.78,6.3,16.95,rotation
ulisty01,3.0,133.0,0.5,0.008,-3.6,-1.1,-2.4,3,-1.1,-5.73,0.5,7.7,bust
zagorra01,,,,,,,,0,,,,,bust
brogdma01,9.0,463.0,33.4,0.119,1.3,11.2,2.8,5,6.6,0.9,21.5,16.52,all_star
onuakch01,2.0,6.0,0.1,0.043,-5.4,-0.1,-1.5,2,-0.1,-8.1,0.0,4.55,bust
mccawpa01,5.0,199.0,4.4,0.062,-2.8,-0.6,0.9,5,-0.8,-4.44,3.3,6.3,bust
michida01,,,,,,,,0,,,,,bust
stonedi01,1.0,7.0,-0.1,-0.211,-20.8,-0.1,-20.8,1,-0.1,-20.8,-0.1,-1.2,bust
zimmest01,1.0,19.0,0.0,-0.005,-8.3,-0.2,-8.3,1,-0.2,-8.3,0.0,7.3,bust
whiteis01,2.0,89.0,-0.9,-0.025,-5.0,-1.4,-3.8,2,-1.4,-4.45,-0.9,9.55,bust
qizh01,2.0,19.0,-0.2,-0.093,-9.6,-0.2,52.0,3,-0.3,20.95,-0.3,41.15,bust
cordiis01,,,,,,,,0,,,,,bust
jacksde01,3.0,26.0,0.2,0.087,-0.5,0.1,9.8,5,0.0,1.58,0.1,16.38,bust
hammoaj01,1.0,22.0,0.0,-0.001,-6.6,-0.2,-6.6,1,-0.2,-6.6,0.0,8.4,bust
laymaja01,6.0,243.0,3.8,0.059,-2.3,-0.2,-0.5,5,-0.1,-3.4,3.7,9.0,bust
zipsepa01,2.0,98.0,0.0,-0.001,-5.2,-1.4,-4.4,2,-1.3,-5.25,-0.1,6.05,bust
gbinimi01,1.0,9.0,-0.1,-0.136,-12.1,-0.1,-12.1,1,-0.1,-12.1,-0.1,-2.1,bust
niangge01,9.0,544.0,15.9,0.08,-1.7,0.7,0.0,5,1.0,-3.22,5.4,9.08,rotation
bentibe01,1.0,3.0,-0.1,-0.473,-25.9,-0.1,-25.9,1,-0.1,-25.9,-0.1,-17.6,bust
bolomjo01,2.0,18.0,0.3,0.132,-0.1,0.0,3.4,2,0.1,-0.8,0.3,15.7,bust
cornepe01,1.0,13.0,0.0,-0.015,-8.8,-0.1,-8.8,5,,,,,bust
feldeka01,2.0,58.0,-0.4,-0.041,-4.7,-0.4,-2.4,4,-0.6,-11.4,-0.9,5.15,bust
paigema01,1.0,5.0,0.0,-0.006,-8.8,0.0,-8.8,1,0.0,-8.8,0.0,9.1,bust
hamilda02,2.0,25.0,0.0,0.0,-3.3,-0.1,2.3,2,-0.1,-0.9,0.0,12.65,bust
sheliwa01,,,,,,,,0,,,,,bust
naderab01,5.0,202.0,2.8,0.052,-2.6,-0.4,0.0,5,-0.3,-2.88,2.8,8.7,bust
cousiis01,,,,,,,,0,,,,,bust
wallaty01,4.0,112.0,0.1,0.003,-5.2,-1.4,-3.5,5,-1.4,-6.7,0.1,5.88,bust
fultzma01,9.0,260.0,8.3,0.065,-1.3,1.1,0.5,5,0.1,-2.34,3.5,13.38,rotation
balllo01,7.0,322.0,13.3,0.066,0.8,6.9,2.5,5,6.2,1.1,11.4,13.4,starter
tatumja01,9.0,601.0,67.2,0.156,3.8,30.3,5.5,5,14.7,2.78,35.1,18.76,superstar
jacksjo02,5.0,291.0,-1.7,-0.012,-3.8,-3.1,0.1,5,-3.1,-3.24,-1.8,11.6,bust
foxde01,9.0,603.0,40.3,0.097,1.0,15.1,2.7,5,5.5,0.06,15.7,17.6,all_star
isaacjo01,7.0,328.0,14.9,0.116,0.7,4.3,4.0,5,2.0,0.17,6.7,13.37,starter
markkla01,9.0,492.0,36.7,0.114,1.2,12.2,3.8,5,3.9,-0.1,16.6,15.38,all_star
ntilila01,7.0,321.0,0.3,0.003,-4.4,-3.4,-1.7,5,-2.6,-3.56,0.6,8.18,bust
smithde03,7.0,326.0,2.3,0.015,-2.1,-0.2,0.7,5,-0.8,-2.84,-1.6,11.5,bust
colliza01,8.0,388.0,12.4,0.081,-1.4,1.0,0.2,5,-0.2,-2.2,5.0,11.82,rotation
monkma01,9.0,585.0,16.1,0.058,-1.0,3.1,0.6,5,0.1,-2.2,5.6,12.52,starter
kennalu01,9.0,538.0,28.1,0.108,0.0,6.3,2.9,5,3.0,-0.38,14.2,12.88,starter
mitchdo01,9.0,609.0,60.2,0.14,3.6,29.4,6.3,5,13.1,2.6,29.0,19.12,superstar
adebaba01,9.0,640.0,64.0,0.156,2.5,22.2,4.9,5,12.1,2.7,35.5,19.68,all_star
jacksju01,7.0,280.0,5.3,0.052,-2.8,-1.0,-1.0,5,-0.7,-2.28,8.0,10.8,bust
pattoju01,4.0,22.0,0.4,0.066,-2.8,-0.1,3.2,4,0.0,-2.77,0.4,11.65,bust
wilsodj01,6.0,148.0,2.9,0.077,-2.4,-0.2,22.4,5,-0.4,-3.32,2.4,9.74,bust
leaftj01,4.0,146.0,2.7,0.104,-1.8,0.1,-0.3,4,0.1,-2.2,2.7,12.92,rotation
collijo01,9.0,541.0,43.8,0.135,0.5,10.0,3.1,5,7.3,1.52,28.1,20.58,all_star
gilesha01,4.0,165.0,3.1,0.076,-2.5,-0.2,-1.3,5,-0.2,-2.4,3.1,14.4,bust
fergute01,4.0,204.0,4.4,0.053,-4.0,-2.1,-3.3,4,-2.2,-6.47,4.4,2.6,bust
allenja01,9.0,624.0,73.1,0.2,2.4,19.4,4.2,5,6.2,1.36,27.8,19.66,all_star
anunoog01,9.0,559.0,37.6,0.106,0.4,10.5,2.0,5,4.4,-0.02,17.5,12.64,all_star
lydonty01,2.0,26.0,0.2,0.084,-4.3,-0.1,-4.2,2,-0.1,-4.8,0.2,4.65,bust
pasecan01,2.0,28.0,0.4,0.038,-6.2,-0.5,-5.6,4,-0.5,-26.1,0.4,-14.65,bust
swanica01,3.0,75.0,-0.2,-0.015,-6.2,-0.7,-2.7,5,-0.9,-5.92,-0.5,6.92,bust
kuzmaky01,9.0,610.0,16.3,0.042,-1.6,1.8,-0.2,5,2.8,-1.06,14.2,13.66,rotation
bradlto01,8.0,234.0,8.9,0.167,-0.5,1.0,4.9,5,1.6,-1.52,7.6,18.52,rotation
whitede01,9.0,571.0,46.7,0.134,2.4,18.4,3.8,5,5.4,1.34,15.3,15.38,all_star
hartjo01,9.0,596.0,42.8,0.113,0.8,12.6,3.4,5,3.3,-0.4,15.7,12.34,all_star
jacksfr01,5.0,214.0,2.5,0.031,-3.9,-1.9,-1.7,5,-1.8,-3.82,2.5,10.57,bust
reedda01,4.0,122.0,1.5,0.054,-2.9,-0.3,4.3,5,0.0,-4.07,1.4,8.37,bust
iwundwe01,5.0,226.0,4.2,0.053,-3.9,-1.8,-2.6,5,-2.0,-4.26,4.4,7.2,bust
masonfr01,4.0,103.0,1.2,0.035,-2.7,-0.3,0.0,4,-0.2,-3.27,1.2,12.45,bust
rabbiv01,2.0,85.0,3.2,0.125,-1.7,0.1,-1.4,2,0.1,-1.7,3.3,16.35,rotation
boldejo01,2.0,51.0,1.4,0.098,-1.3,0.1,-0.7,5,0.1,-7.88,1.4,5.88,rotation
ojelese01,5.0,284.0,5.2,0.061,-3.4,-1.5,-1.7,5,-1.5,-3.7,5.2,7.16,bust
belljo01,5.0,161.0,4.9,0.121,0.2,1.1,2.8,5,1.2,-0.96,5.3,14.3,rotation
evansja01,2.0,56.0,-0.4,-0.022,-5.4,-0.7,-5.0,4,-0.8,-26.48,-0.6,-7.53,bust
bacondw01,4.0,207.0,0.8,0.01,-5.1,-3.1,-3.7,4,-3.1,-5.08,0.8,8.38,bust
dorsety01,3.0,107.0,1.1,0.031,-3.0,-0.5,17.8,5,-0.8,-3.5,1.6,10.53,bust
bryanth01,9.0,393.0,22.7,0.164,0.9,4.9,2.3,5,3.0,0.16,11.7,17.46,starter
harteis01,8.0,426.0,33.3,0.188,2.4,9.4,4.5,5,0.5,-1.3,4.8,16.46,starter
dotsoda01,5.0,213.0,3.0,0.034,-2.8,-0.9,-1.4,5,-0.8,-3.2,3.0,9.56,bust
brookdi01,9.0,548.0,16.8,0.05,-3.3,-5.2,-1.4,5,-3.6,-3.98,5.4,11.26,bust
brownst02,6.0,268.0,6.6,0.071,-2.1,-0.1,-1.5,5,-0.1,-2.22,6.5,9.8,bust
anigbik01,2.0,14.0,0.0,0.057,-1.1,0.0,1.9,2,0.0,-7.15,0.0,7.8,bust
thornsi01,4.0,160.0,1.1,0.032,-3.1,-0.5,-0.8,5,-0.6,-3.58,1.0,7.84,bust
cancavl01,5.0,143.0,2.4,0.076,-2.5,-0.2,-1.7,5,0.0,-3.03,0.8,11.27,bust
lessoma01,,,,,,,,0,,,,,bust
morrimo01,9.0,426.0,24.7,0.12,0.2,5.6,9.4,5,4.1,2.08,18.5,17.38,starter
sumneed01,5.0,161.0,3.2,0.069,-3.0,-0.6,6.9,5,-0.5,-1.02,1.9,17.55,bust
allenka01,3.0,47.0,1.0,0.075,-1.2,0.1,0.5,3,0.1,-2.7,1.0,10.93,bust
peteral01,1.0,20.0,0.3,0.055,-2.8,0.0,-2.8,1,0.0,-2.8,0.3,10.7,bust
willini01,1.0,10.0,0.0,0.017,-3.9,0.0,-3.9,3,0.0,-3.9,0.0,8.1,bust
birdja01,1.0,13.0,0.2,0.098,-3.1,0.0,-3.1,1,0.0,-3.1,0.2,12.1,bust
vezenal01,1.0,42.0,1.0,0.098,-0.9,0.1,-0.9,5,,,,,bust
jaramog01,,,,,,,,0,,,,,bust
blossja01,1.0,27.0,0.3,0.03,-3.8,-0.2,-3.8,1,-0.2,-3.8,0.3,10.2,bust
kabaal01,,,,,,,,0,,,,,bust
aytonde01,8.0,470.0,43.8,0.148,0.6,9.2,2.8,5,7.2,1.1,30.8,20.52,starter
baglema01,8.0,349.0,16.3,0.102,-1.2,1.5,1.0,5,-0.4,-2.68,8.3,16.16,rotation
doncilu01,8.0,514.0,66.6,0.178,7.8,44.8,9.9,5,26.4,7.24,39.2,25.26,superstar
jacksja02,8.0,455.0,30.2,0.111,0.8,9.2,4.6,5,5.0,0.58,19.5,17.86,starter
youngtr01,8.0,498.0,44.7,0.126,2.6,19.7,5.6,5,15.2,3.1,33.1,22.26,all_star
bambamo01,8.0,368.0,15.7,0.122,-0.1,3.0,1.3,5,2.7,0.06,12.7,16.78,starter
cartewe01,8.0,461.0,33.3,0.126,-0.3,5.3,1.6,5,0.4,-1.6,11.9,16.2,starter
sextoco01,8.0,475.0,19.7,0.069,-1.1,3.0,1.9,5,-0.7,-2.42,7.8,14.68,starter
knoxke01,7.0,320.0,0.9,0.008,-4.4,-3.4,-1.3,5,-2.7,-3.36,-0.2,9.72,bust
bridgmi01,8.0,638.0,50.0,0.113,0.9,15.8,3.3,5,10.3,1.16,32.1,14.26,all_star
gilgesh01,8.0,530.0,75.6,0.207,6.3,36.9,11.7,5,13.1,3.2,28.9,20.16,superstar
bridgmi02,7.0,501.0,27.8,0.086,0.1,8.2,1.8,5,3.8,-0.4,15.9,14.45,starter
robinje01,4.0,135.0,-0.2,-0.004,-4.8,-1.2,-3.2,5,-1.5,-4.7,0.1,6.66,bust
portemi01,7.0,397.0,29.4,0.12,1.0,8.9,3.1,5,4.2,0.33,13.9,16.18,starter
browntr01,6.0,356.0,8.6,0.061,-1.8,0.4,0.4,5,-0.4,-3.12,3.9,10.16,rotation
smithzh01,2.0,13.0,0.0,0.011,-6.1,-0.1,-5.0,2,-0.2,-7.4,0.0,5.3,bust
divindo01,8.0,498.0,29.1,0.107,1.0,10.1,3.4,5,1.9,-1.7,9.1,11.08,all_star
walkelo01,7.0,342.0,4.9,0.033,-2.5,-1.0,-1.4,5,-1.1,-2.7,3.7,11.12,bust
huertke01,8.0,551.0,21.7,0.069,-0.9,4.1,1.0,5,3.1,-0.9,14.4,12.18,starter
okogijo01,8.0,494.0,14.2,0.073,-1.7,0.6,3.1,5,-0.6,-2.34,8.2,10.46,rotation
allengr01,8.0,454.0,26.4,0.109,0.3,6.6,2.1,5,2.3,-1.46,13.2,11.46,starter
hutchch01,4.0,103.0,1.1,0.03,-3.9,-0.9,-2.6,5,-1.1,-5.32,1.2,7.32,bust
holidaa01,8.0,505.0,11.6,0.068,-2.0,0.1,-0.2,5,-0.3,-2.24,5.2,11.32,rotation
simonan01,8.0,444.0,15.7,0.064,-1.0,2.9,0.6,5,0.3,-2.52,6.5,12.5,rotation
wagnemo01,8.0,399.0,17.9,0.132,0.1,3.4,4.0,5,-0.4,-3.92,3.9,10.42,starter
shamela01,8.0,449.0,15.7,0.079,-1.8,0.4,-0.3,5,0.1,-1.84,11.6,10.36,rotation
williro04,8.0,294.0,28.3,0.236,4.6,9.6,6.0,5,7.5,4.34,22.2,21.9,starter
evansja02,2.0,59.0,-0.6,-0.047,-7.4,-0.8,-7.0,4,-1.3,-9.6,-1.1,1.25,bust
musadz01,2.0,49.0,0.0,0.003,-4.6,-0.4,-4.4,2,-0.4,-5.8,0.1,7.6,bust
spellom01,2.0,95.0,2.4,0.068,-1.5,0.2,-1.2,2,0.3,-1.5,2.4,13.4,rotation
okoboel01,2.0,108.0,0.5,0.014,-4.1,-0.9,-1.9,2,-0.9,-3.8,0.5,9.1,bust
carteje01,8.0,465.0,9.4,0.063,-1.4,1.0,1.2,5,0.4,-1.9,4.5,9.48,rotation
brunsja01,8.0,561.0,54.2,0.155,2.4,18.8,5.8,5,7.0,0.62,26.0,16.62,all_star
grahade01,6.0,336.0,12.7,0.073,-0.5,3.2,0.7,5,3.3,-0.78,12.6,13.06,starter
frazime01,3.0,32.0,-0.4,-0.062,-10.0,-0.6,-2.3,4,-0.5,-11.07,-0.3,3.53,bust
robinmi01,8.0,397.0,41.0,0.212,2.3,10.1,3.5,5,7.8,2.24,31.3,20.56,all_star
trentga02,8.0,480.0,19.0,0.07,-1.6,1.4,0.2,5,0.1,-3.68,5.7,10.46,rotation
thomakh01,3.0,39.0,0.5,0.058,-2.7,-0.1,2.4,3,-0.1,-3.5,0.5,10.2,bust
bongais01,4.0,143.0,1.7,0.044,-3.6,-0.7,-0.4,4,-0.8,-3.45,1.8,7.22,bust
kurucro01,3.0,131.0,2.3,0.052,-2.8,-0.4,2.2,5,-0.5,-3.72,2.0,6.94,bust
vandeja01,8.0,374.0,18.6,0.122,-0.2,3.3,1.5,5,0.4,-4.52,3.2,10.9,starter
brownbr01,8.0,539.0,22.9,0.082,-1.6,1.3,0.7,5,2.6,-0.88,17.1,12.64,rotation
jacksju02,,,,,,,,0,,,,,bust
sanonis01,,,,,,,,0,,,,,bust
diallha01,6.0,265.0,6.2,0.06,-2.1,-0.1,18.7,5,-0.7,-2.98,4.4,12.36,bust
meltode01,8.0,405.0,15.0,0.078,0.2,5.2,2.3,5,4.6,0.44,11.8,13.3,starter
mykhasv01,8.0,381.0,5.3,0.039,-2.4,-0.6,4.1,5,-0.8,-3.04,1.7,8.64,bust
bateske01,6.0,283.0,7.4,0.078,-1.6,0.5,0.2,5,0.0,-2.52,3.0,11.72,rotation
metuch01,6.0,260.0,5.7,0.076,-1.6,0.3,1.7,5,0.2,-2.44,4.2,14.76,rotation
johnsal02,5.0,76.0,1.3,0.108,-2.4,-0.1,2.7,5,-0.1,-3.22,1.5,12.8,bust
carrto01,,,,,,,,0,,,,,bust
edwarvi01,1.0,2.0,0.0,-0.014,-6.4,0.0,-6.4,1,0.0,-6.4,0.0,3.8,bust
hallde01,1.0,11.0,-0.2,-0.116,-6.7,-0.1,-6.7,1,-0.1,-6.7,-0.2,3.1,bust
miltosh01,7.0,359.0,11.7,0.084,-2.0,-0.1,0.3,5,0.1,-2.0,9.8,12.58,bust
kulboar01,1.0,2.0,0.0,-0.217,-21.8,0.0,-21.8,4,0.0,-21.8,0.0,-10.7,bust
spaldra01,2.0,16.0,0.1,0.024,-6.2,-0.2,-5.1,5,-0.3,-9.28,0.3,7.52,bust
herveke01,1.0,10.0,-0.1,-0.085,-5.1,0.0,-5.1,1,0.0,-5.1,-0.1,5.0,bust
welshth01,1.0,11.0,0.1,0.162,1.2,0.0,1.2,1,0.0,1.2,0.1,16.1,bust
kingge03,2.0,5.0,-0.1,-0.225,-17.2,-0.1,-7.9,4,-0.1,-14.0,-0.1,-5.2,bust
antetko01,3.0,22.0,-0.2,-0.098,-9.9,-0.2,-0.7,3,-0.1,-8.67,-0.2,5.13,bust
willizi01,6.0,276.0,30.3,0.17,4.5,14.1,7.0,5,9.9,4.38,21.8,24.8,all_star
moranja01,7.0,327.0,24.3,0.113,2.5,11.8,6.1,5,10.1,2.96,20.5,20.48,all_star
barrerj01,7.0,444.0,17.3,0.057,-1.5,1.8,0.6,5,-0.4,-2.2,11.0,13.42,rotation
huntede01,7.0,372.0,13.1,0.057,-2.7,-2.0,1.6,5,-2.6,-2.62,7.6,11.82,bust
garlada01,7.0,427.0,27.1,0.093,0.2,7.9,3.1,5,4.2,-0.72,16.5,15.0,starter
culveja01,4.0,144.0,-0.1,-0.001,-4.5,-1.6,-4.0,5,-1.7,-4.8,-0.1,9.15,bust
whiteco01,7.0,472.0,19.9,0.069,-1.5,1.7,2.9,5,0.8,-1.78,13.5,12.7,rotation
hayesja02,7.0,433.0,25.1,0.167,-0.1,3.5,1.2,5,2.0,-0.52,16.5,16.58,starter
hachiru01,7.0,405.0,18.7,0.08,-2.0,0.1,-0.7,5,-1.0,-2.5,7.7,13.32,rotation
reddica01,6.0,254.0,3.3,0.027,-3.1,-1.7,-0.8,5,-0.7,-2.2,2.0,11.36,bust
johnsca02,7.0,394.0,26.6,0.12,1.2,8.8,3.8,5,5.5,1.84,15.8,14.88,starter
washipj01,7.0,446.0,16.5,0.058,-1.3,2.6,-0.1,5,2.0,-1.2,12.6,12.9,rotation
herroty01,7.0,394.0,22.3,0.084,0.8,9.0,3.1,5,4.5,-0.16,12.6,14.6,starter
langfro01,4.0,141.0,2.0,0.043,-3.4,-0.8,-1.2,5,-0.2,-3.26,2.8,7.42,bust
doumbse01,3.0,96.0,-0.4,-0.013,-6.5,-1.8,18.8,3,-1.8,1.8,-0.4,17.93,bust
okekech01,5.0,198.0,5.0,0.06,-1.1,1.0,0.3,5,0.8,-1.65,4.5,9.95,rotation
alexani01,7.0,459.0,16.5,0.075,-0.6,3.7,1.2,5,-0.8,-2.7,0.7,10.52,starter
bitadgo01,7.0,383.0,19.3,0.166,1.1,4.4,2.8,5,0.6,-0.98,5.8,15.48,starter
samanlu01,4.0,86.0,0.0,0.001,-5.6,-0.8,-2.1,5,-0.8,-4.72,0.1,9.62,bust
thybuma01,7.0,377.0,15.4,0.095,1.1,6.1,5.0,5,4.1,0.58,12.2,10.36,starter
clarkbr01,7.0,309.0,24.6,0.184,2.4,7.1,4.2,5,6.4,2.46,20.3,20.16,starter
willigr01,7.0,416.0,17.4,0.089,-1.6,1.0,1.6,5,0.3,-2.1,14.8,9.5,rotation
bazleda01,5.0,237.0,3.1,0.027,-2.4,-0.6,0.2,5,-0.5,-1.96,3.8,11.58,bust
jeromty01,7.0,244.0,11.2,0.12,0.9,3.3,7.7,5,0.4,-2.48,3.9,10.6,starter
littlna01,5.0,237.0,4.7,0.061,-2.6,-0.5,-1.4,5,-0.5,-2.72,4.8,10.96,bust
windldy01,4.0,101.0,1.6,0.072,-1.4,0.2,7.4,5,0.1,1.0,1.6,13.2,rotation
kabenmf01,3.0,55.0,0.4,0.055,-3.6,-0.2,2.2,5,-0.3,-3.38,0.6,10.7,bust
poolejo01,7.0,451.0,11.4,0.045,-1.9,0.4,1.0,5,-0.5,-2.38,9.3,13.02,rotation
johnske04,7.0,452.0,23.2,0.089,-1.0,3.2,1.5,5,1.7,-0.82,13.6,15.52,starter
porteke02,6.0,309.0,9.0,0.05,-0.9,2.5,2.1,5,0.7,-2.08,4.0,13.25,rotation
claxtni01,7.0,380.0,30.9,0.149,1.3,8.2,3.1,5,5.7,0.9,21.8,17.96,starter
okpalkz01,4.0,98.0,1.0,0.05,-4.7,-0.7,2.4,5,-0.8,-2.67,1.0,8.88,bust
edwarca01,3.0,72.0,0.3,0.019,-5.1,-0.5,-4.5,3,-0.5,-6.13,0.3,7.53,bust
fernabr01,6.0,220.0,3.8,0.079,-3.0,-0.6,1.5,5,-0.5,-2.4,1.5,15.68,bust
louzama01,2.0,12.0,-0.1,-0.034,-8.1,-0.3,-7.2,5,-0.5,-9.2,-0.1,2.77,bust
martico01,7.0,263.0,7.1,0.059,-1.8,0.3,-0.5,5,0.3,-2.54,5.9,10.34,rotation
sirvyde01,2.0,23.0,-0.1,-0.032,-5.9,-0.2,-5.4,3,-0.1,-7.05,-0.1,2.9,bust
gaffoda01,7.0,433.0,35.2,0.195,1.7,8.2,5.9,5,3.0,1.34,14.9,20.88,starter
smailal01,2.0,29.0,0.3,0.056,-3.3,-0.1,-2.2,2,-0.1,-3.75,0.2,11.7,bust
jamesju01,2.0,72.0,0.3,0.024,-3.1,-0.2,-1.4,2,-0.2,-2.85,0.2,11.15,bust
pascher01,3.0,158.0,5.0,0.078,-2.2,-0.1,-0.5,3,-0.1,-1.97,5.0,13.93,bust
schofad01,4.0,131.0,1.2,0.043,-4.6,-0.9,-2.9,5,-0.9,-4.67,1.2,7.42,bust
nowelja01,6.0,205.0,4.7,0.064,-2.1,-0.1,0.8,5,-0.0,-2.74,5.0,12.5,bust
bolbo01,6.0,202.0,5.0,0.088,-0.4,1.1,2.1,5,0.8,-1.38,4.1,14.08,rotation
robyis01,4.0,151.0,4.0,0.068,-2.3,-0.2,0.6,5,-0.2,-5.67,4.1,7.95,bust
hortota01,6.0,305.0,6.0,0.049,-2.0,0.0,-1.2,5,0.2,-1.88,4.9,12.66,rotation
brazdig01,3.0,64.0,0.4,0.024,-4.9,-0.6,-4.1,5,-0.5,-8.92,0.0,4.42,bust
mannte01,7.0,475.0,23.3,0.105,-1.2,2.2,-0.2,5,2.4,-0.8,18.5,12.64,rotation
weathqu01,3.0,42.0,0.2,0.03,-5.5,-0.2,-4.4,3,-0.2,-5.6,0.2,8.27,bust
brantja01,3.0,41.0,0.6,0.108,0.0,0.1,3.5,5,0.1,0.37,0.6,14.37,bust
watertr01,3.0,40.0,0.1,0.012,-3.0,-0.1,0.3,5,-0.3,-5.68,0.0,7.34,bust
mcdanja01,6.0,252.0,5.3,0.056,-3.3,-1.5,5.6,5,-0.6,-2.58,7.9,11.64,bust
wrighju02,1.0,4.0,0.0,-0.008,-9.0,-0.1,-9.0,1,-0.1,-9.0,0.0,8.8,bust
shayoma01,1.0,4.0,-0.1,-0.13,-13.0,-0.1,-13.0,1,-0.1,-13.0,-0.1,1.4,bust
guyky01,3.0,53.0,0.1,0.006,-4.9,-0.3,-3.4,3,-0.3,-7.17,0.0,8.2,bust
handsja01,,,,,,,,0,,,,,bust
bonejo01,2.0,24.0,0.1,0.01,-5.9,-0.2,-4.2,2,-0.2,-8.05,0.1,4.85,bust
onimi01,3.0,80.0,1.0,0.07,-2.5,-0.1,-1.7,3,-0.2,-4.63,1.0,5.5,bust
hernade01,1.0,6.0,0.0,0.043,-9.6,-0.1,-9.6,1,-0.1,-9.6,0.0,12.9,bust
marinva01,,,,,,,,0,,,,,bust
edwaran01,6.0,442.0,31.4,0.098,2.1,15.8,4.5,5,12.3,1.54,24.8,17.52,all_star
wisemja01,5.0,152.0,4.3,0.072,-4.0,-1.5,1.6,5,-1.3,-3.62,3.5,15.2,bust
ballla01,6.0,303.0,19.8,0.101,3.3,12.5,4.7,5,9.1,2.82,13.5,19.0,all_star
willipa01,6.0,348.0,8.3,0.044,-2.6,-1.4,-1.3,5,-0.6,-2.24,8.5,10.88,bust
okorois01,6.0,397.0,18.2,0.084,-2.3,-0.8,-0.3,5,-0.1,-1.74,16.0,10.22,bust
okongon01,6.0,381.0,30.9,0.161,0.6,6.0,1.3,5,4.3,0.22,24.9,18.38,starter
hayeski01,6.0,239.0,-0.4,-0.004,-4.0,-3.0,-0.6,5,-2.6,-3.56,-0.1,9.6,bust
toppiob01,6.0,386.0,17.7,0.128,1.2,5.4,3.0,5,4.7,0.8,16.6,15.7,starter
avdijde01,6.0,425.0,21.7,0.088,0.0,6.0,4.3,5,2.4,-1.18,14.7,12.6,starter
smithja04,6.0,324.0,14.6,0.128,-0.3,2.4,2.4,5,0.5,-2.04,8.0,15.76,rotation
vassede01,6.0,370.0,16.8,0.077,-0.3,4.4,0.5,5,3.0,-0.54,11.8,13.86,starter
halibty01,5.0,333.0,37.6,0.164,4.8,18.9,7.2,5,12.1,3.32,25.1,19.1,all_star
lewiski01,4.0,131.0,1.3,0.036,-3.5,-0.6,-0.3,5,-0.9,-4.2,1.3,9.78,bust
nesmiaa01,6.0,333.0,11.2,0.072,-2.1,-0.2,-0.5,5,0.3,-2.3,10.5,10.92,bust
anthoco01,6.0,355.0,10.5,0.06,-0.8,2.5,1.3,5,3.0,-0.6,10.9,14.08,rotation
stewais01,6.0,365.0,19.5,0.106,-1.5,1.2,0.6,5,0.5,-1.64,15.4,13.88,rotation
pokusal01,4.0,168.0,-0.2,-0.002,-3.1,-1.0,0.0,5,-1.1,-4.1,-0.2,9.34,bust
greenjo02,6.0,349.0,11.1,0.073,-2.6,-1.2,-0.7,5,-1.5,-2.8,9.2,9.92,bust
beysa01,5.0,364.0,20.0,0.087,-0.5,4.3,0.5,5,3.7,-0.26,15.1,14.14,starter
achiupr01,6.0,393.0,14.8,0.087,-2.1,-0.3,-1.4,5,-0.5,-2.4,9.8,14.34,bust
maxeyty01,6.0,388.0,35.1,0.131,2.2,13.5,5.4,5,8.6,0.96,26.5,17.4,all_star
nnajize01,6.0,303.0,7.5,0.1,-2.8,-0.7,-1.3,5,-0.4,-2.52,6.7,12.34,bust
bolmale01,2.0,49.0,-0.3,-0.048,-7.8,-0.5,-5.8,4,-0.4,-10.25,-0.3,0.2,bust
hamptrj01,4.0,170.0,0.8,0.013,-3.8,-1.4,-1.2,5,-1.7,-3.88,1.2,10.08,bust
quickim01,6.0,394.0,27.9,0.127,1.5,9.2,2.5,5,6.5,1.32,21.0,16.1,starter
pritcpa01,6.0,426.0,29.4,0.148,1.5,8.5,3.5,5,5.8,0.44,20.9,14.12,starter
azubuud01,4.0,84.0,2.0,0.133,-1.5,0.1,-0.6,4,0.1,-2.25,1.9,14.08,rotation
mcdanja02,6.0,439.0,23.1,0.087,-1.5,1.5,0.0,5,0.6,-2.04,17.9,10.78,rotation
flynnma01,5.0,217.0,2.9,0.045,-2.6,-0.5,-1.3,5,-0.5,-2.62,3.0,10.66,bust
banede01,6.0,395.0,33.0,0.132,2.2,12.7,3.5,5,10.3,2.28,25.5,17.06,all_star
terryty01,2.0,13.0,0.0,-0.035,-4.8,0.0,-1.0,2,0.0,-3.0,-0.1,13.0,bust
careyve01,3.0,37.0,0.2,0.058,-6.3,-0.2,-5.0,5,-0.2,-6.78,0.3,14.1,bust
oturuda01,2.0,33.0,0.3,0.086,-5.2,-0.2,-5.2,2,-0.1,-5.2,0.4,12.95,bust
maledth01,4.0,177.0,-0.2,-0.002,-4.6,-2.4,-2.5,5,-2.9,-6.34,-0.7,7.5,bust
tillmxa01,6.0,290.0,10.3,0.114,-0.2,2.0,1.9,5,2.5,-0.1,10.9,14.22,rotation
beyty01,1.0,18.0,0.0,-0.033,-9.5,-0.1,-9.5,1,-0.1,-9.5,0.0,5.9,bust
krejcvi01,5.0,203.0,6.9,0.084,-2.0,0.1,0.7,5,-0.1,-2.98,3.9,9.32,rotation
leesa01,4.0,134.0,3.5,0.085,-1.4,0.3,-0.4,5,0.2,-2.06,3.8,13.32,rotation
hugheel01,2.0,54.0,-0.4,-0.039,-6.4,-0.5,-1.5,4,-1.1,-5.0,-0.8,7.0,bust
woodaro01,2.0,25.0,-0.1,-0.077,-7.7,-0.1,-5.3,2,-0.1,-7.85,-0.1,7.3,bust
jonestr01,6.0,362.0,20.3,0.119,-0.1,4.0,3.1,5,2.5,-0.78,14.5,14.82,starter
richani01,6.0,305.0,13.9,0.124,-2.9,-1.2,-1.3,5,-0.5,-3.54,13.3,14.6,bust
ramseja01,3.0,39.0,-0.1,-0.008,-5.4,-0.3,-4.4,4,-0.4,-5.27,0.0,9.67,bust
simonma01,2.0,16.0,0.0,-0.026,-12.3,-0.1,-11.1,4,-0.2,-12.75,0.0,5.05,bust
nworajo01,4.0,206.0,3.0,0.043,-2.8,-0.7,-1.1,5,-0.5,-2.3,4.0,12.52,bust
ellebcj01,2.0,88.0,0.5,0.018,-5.2,-1.1,-4.9,2,-1.1,-5.1,0.5,9.3,bust
madarya01,,,,,,,,0,,,,,bust
mannini01,1.0,30.0,0.2,0.029,-3.9,-0.2,-3.9,1,-0.2,-3.9,0.2,9.3,bust
joeis01,6.0,392.0,19.0,0.131,0.6,4.6,2.5,5,2.9,-0.9,13.4,11.82,starter
mayssk01,4.0,105.0,2.1,0.092,-0.7,0.4,1.9,5,0.4,-0.88,2.5,14.36,rotation
jessuju01,,,,,,,,0,,,,,bust
martike04,5.0,309.0,12.4,0.089,-1.8,0.4,-0.7,5,0.7,-2.78,11.1,12.22,rotation
winstca01,2.0,29.0,0.1,0.051,-4.9,-0.1,-3.2,2,-0.1,-6.25,0.1,8.4,bust
stanlca01,2.0,33.0,0.0,-0.006,-7.9,-0.4,-5.8,2,-0.4,-8.5,0.0,6.75,bust
scrubja01,3.0,24.0,-0.1,-0.014,-6.6,-0.3,-1.9,4,-0.3,-5.87,0.0,9.93,bust
rillegr01,1.0,7.0,0.1,0.177,5.1,0.0,5.1,1,0.0,5.1,0.1,23.6,bust
perryre01,2.0,36.0,0.4,0.048,-5.5,-0.3,-3.8,4,-0.4,-5.88,0.6,11.75,bust
reedpa01,6.0,325.0,15.9,0.184,1.7,3.9,5.3,5,2.1,0.86,11.4,19.56,starter
harrija01,1.0,13.0,0.3,0.079,0.3,0.1,0.3,1,0.1,0.3,0.3,15.2,bust
merrisa01,6.0,225.0,10.5,0.12,0.1,2.3,1.2,5,1.5,-0.92,6.8,11.82,rotation
cunnica01,5.0,272.0,14.9,0.078,2.2,9.8,6.3,5,9.8,1.64,15.0,17.28,starter
greenja05,5.0,339.0,11.0,0.049,-1.1,2.4,0.5,5,2.4,-1.22,11.0,14.32,rotation
mobleev01,5.0,334.0,34.8,0.154,2.4,12.1,4.6,5,12.1,2.56,34.7,19.28,all_star
barnesc01,5.0,356.0,27.2,0.107,2.3,13.1,4.2,5,13.0,2.32,27.2,17.66,all_star
suggsja01,5.0,268.0,8.3,0.055,-0.3,3.1,2.5,5,3.0,-0.54,8.3,13.04,starter
giddejo01,5.0,334.0,17.2,0.083,1.5,8.8,3.0,5,8.9,1.5,17.2,16.62,starter
kuminjo01,5.0,294.0,13.0,0.096,-1.1,1.5,0.1,5,1.4,-1.24,12.9,15.08,rotation
wagnefr01,5.0,325.0,24.2,0.112,0.9,7.7,3.1,5,7.8,1.2,24.2,17.5,starter
mitchda01,5.0,371.0,10.3,0.057,-2.6,-1.3,-0.6,5,-2.5,-3.38,6.6,9.52,bust
willizi02,5.0,269.0,6.2,0.052,-3.0,-1.5,-1.7,5,-1.4,-3.42,6.2,10.14,bust
bouknja01,3.0,79.0,-0.3,-0.017,-5.9,-0.9,2.2,3,-0.9,-3.8,-0.3,10.73,bust
primojo01,3.0,56.0,-0.2,-0.011,-5.3,-0.9,-5.0,3,-0.9,-12.1,-0.2,0.13,bust
duartch01,4.0,177.0,1.9,0.028,-3.0,-0.8,1.2,4,-0.8,-2.25,1.9,11.45,bust
moodymo01,5.0,315.0,11.6,0.096,-1.0,1.5,-0.1,5,1.6,-1.24,11.6,12.08,rotation
kispeco01,5.0,350.0,11.1,0.062,-2.3,-0.6,-1.1,5,-0.7,-2.3,11.1,11.86,bust
sengual01,5.0,358.0,30.5,0.14,3.1,13.4,4.9,5,13.4,2.78,30.5,20.1,all_star
murphtr02,5.0,317.0,24.4,0.128,1.6,8.3,2.5,5,8.3,1.26,24.4,15.92,starter
manntr01,5.0,234.0,1.9,0.02,-3.6,-1.8,0.1,5,-1.0,-2.2,3.0,12.36,bust
joneska01,3.0,107.0,2.8,0.126,-1.2,0.2,4.8,5,0.3,-1.77,3.5,13.68,rotation
johnsja05,5.0,256.0,15.9,0.111,2.2,7.2,4.2,5,7.2,0.52,15.8,15.88,starter
johnske07,4.0,161.0,-0.3,-0.005,-4.2,-1.7,-2.7,5,-1.8,-5.14,-1.3,9.74,bust
jacksis01,5.0,219.0,10.3,0.148,-0.4,1.3,2.6,5,1.3,-0.22,10.3,19.0,rotation
garubus01,3.0,105.0,2.3,0.09,-1.4,0.2,-0.9,3,0.3,-4.4,2.3,10.93,rotation
chrisjo01,3.0,152.0,0.2,0.003,-3.9,-1.1,-3.5,4,-1.1,-5.23,0.2,11.03,bust
grimequ01,5.0,318.0,14.4,0.085,-0.7,2.7,1.2,5,1.1,-2.44,8.7,8.94,rotation
hylanbo01,5.0,257.0,7.4,0.082,-0.2,2.0,3.1,5,1.0,-1.3,5.2,14.2,rotation
thomaca02,5.0,257.0,5.0,0.041,-2.3,-0.4,0.3,5,-0.4,-2.44,5.1,14.62,bust
sprinja01,4.0,110.0,1.4,0.068,-2.7,-0.2,17.1,5,-0.2,1.48,1.4,15.16,bust
sharpda01,5.0,253.0,11.9,0.145,0.0,2.0,1.4,5,2.1,-0.56,11.9,19.74,rotation
aldamsa01,5.0,278.0,14.5,0.107,0.9,4.7,3.2,5,4.8,-0.1,14.6,14.06,starter
toddis01,2.0,18.0,-0.3,-0.124,-10.2,-0.3,-6.9,3,-0.3,-10.55,-0.4,1.85,bust
robinje02,5.0,219.0,5.9,0.074,-2.4,-0.4,-1.5,5,-0.5,-2.72,5.9,11.74,bust
prestja01,2.0,21.0,0.1,0.023,-2.6,0.0,-2.6,3,0.0,-2.6,0.1,10.4,bust
jokubro01,,,,,,,,0,,,,,bust
joneshe01,5.0,296.0,16.4,0.089,-0.9,2.6,0.6,5,2.5,-1.38,16.2,11.42,rotation
mcbrimi01,5.0,277.0,10.5,0.099,-0.4,2.0,1.2,5,2.0,-1.14,10.4,10.66,rotation
thorjt01,4.0,185.0,1.2,0.026,-4.5,-1.5,0.0,5,-1.5,-3.52,1.4,10.98,bust
dosunay01,5.0,348.0,17.5,0.086,-1.2,2.0,1.5,5,2.0,-1.18,17.4,12.82,rotation
quetane01,5.0,186.0,14.2,0.209,1.4,2.8,2.8,5,2.9,-0.98,14.2,17.84,rotation
butleja02,4.0,148.0,2.5,0.059,-1.5,0.3,1.0,5,0.6,-1.26,3.1,14.5,rotation
wieskjo01,2.0,38.0,0.1,0.013,-5.3,-0.2,-3.9,3,-0.2,-7.25,0.0,3.35,bust
liveris01,4.0,130.0,2.0,0.039,-3.1,-0.7,-1.5,5,-0.6,-3.23,2.0,8.05,bust
browngr01,3.0,70.0,0.2,0.015,-5.1,-0.6,-4.4,3,-0.6,-5.87,0.3,9.1,bust
edwarke02,4.0,178.0,2.7,0.058,-2.9,-0.5,-1.4,5,-0.9,-4.28,1.9,7.88,bust
begarju01,,,,,,,,0,,,,,bust
bantoda01,5.0,222.0,2.0,0.03,-1.5,0.4,12.5,5,0.3,-1.96,1.8,12.42,rotation
johnsda08,1.0,2.0,0.0,-0.495,-27.7,0.0,-27.7,1,0.0,-27.7,0.0,-20.0,bust
coopesh01,2.0,54.0,0.4,0.023,-4.6,-0.5,-3.9,5,-0.4,-10.1,0.4,4.2,bust
zegarma01,,,,,,,,0,,,,,bust
petrufi01,1.0,3.0,0.0,0.029,-8.0,0.0,-4.9,5,0.0,-7.4,0.0,4.87,bust
bostobr01,4.0,147.0,1.0,0.021,-3.7,-1.0,-2.2,4,-1.0,-4.25,1.0,11.5,bust
garzalu01,5.0,193.0,8.2,0.187,0.4,1.3,2.4,5,1.2,-0.98,8.3,19.82,rotation
bassech01,5.0,126.0,4.5,0.152,0.6,0.9,10.3,5,1.0,0.9,4.6,19.94,rotation
mamuksa01,5.0,271.0,11.4,0.138,1.1,3.2,2.8,5,0.2,-1.72,3.8,13.66,starter
wiggiaa01,5.0,339.0,15.0,0.105,-0.9,1.9,1.1,5,1.9,-1.1,15.0,13.18,rotation
lewissc01,1.0,2.0,0.0,0.164,6.0,0.0,6.0,1,0.0,6.0,0.0,14.6,bust
kopriba01,,,,,,,,0,,,,,bust
simsje01,5.0,258.0,10.1,0.124,-2.1,-0.1,-0.5,5,-0.1,-2.1,7.7,11.24,bust
grayra01,2.0,4.0,0.2,0.149,2.9,0.1,7.4,3,0.1,2.7,0.3,19.1,bust
kalaige01,1.0,13.0,-0.1,-0.024,-7.0,-0.3,-6.8,3,-0.6,-7.23,-0.2,7.93,bust
banchpa01,4.0,270.0,16.1,0.083,1.0,7.1,3.5,4,6.9,1.18,16.2,17.45,starter
holmgch01,3.0,183.0,21.2,0.192,3.5,7.4,4.2,4,7.4,3.33,21.2,20.4,starter
smithja05,4.0,289.0,18.3,0.094,-1.4,1.4,-0.4,4,1.4,-1.38,18.3,12.78,rotation
murrake02,4.0,256.0,14.1,0.081,-1.2,1.6,-0.6,4,1.6,-1.55,14.1,12.32,rotation
iveyja01,4.0,218.0,2.9,0.023,-2.4,-0.6,0.1,5,-0.2,-1.26,4.1,12.96,bust
mathube01,4.0,263.0,8.3,0.053,-3.2,-2.2,-2.1,5,-2.5,-3.06,9.0,13.4,bust
sharpsh01,4.0,234.0,5.9,0.043,-2.1,-0.2,-1.3,4,-0.2,-2.2,6.0,13.18,bust
daniedy01,4.0,272.0,15.8,0.102,0.8,5.3,1.5,4,5.3,0.4,15.8,12.97,starter
sochaje01,4.0,228.0,5.4,0.047,-2.8,-1.1,4.8,5,-1.2,-2.56,6.1,12.12,bust
davisjo06,3.0,112.0,-0.4,-0.013,-6.2,-1.3,-2.8,3,-1.3,-5.6,-0.3,7.87,bust
diengou01,4.0,166.0,2.0,0.04,-3.1,-0.7,-0.9,5,-0.6,-2.54,2.6,10.22,bust
willija06,4.0,248.0,23.8,0.149,2.2,8.2,4.0,4,8.1,2.17,23.7,18.5,starter
durenja01,4.0,276.0,29.5,0.19,2.0,7.5,5.0,4,7.6,1.8,29.5,20.88,starter
agbajoc01,4.0,263.0,5.5,0.047,-2.9,-1.3,-0.7,5,-1.8,-3.52,4.6,8.88,bust
willima07,4.0,166.0,16.0,0.196,1.9,3.8,3.5,4,3.7,1.6,15.9,22.0,starter
griffaj01,2.0,92.0,1.8,0.053,-1.7,0.1,-0.8,2,0.1,-5.2,1.8,6.9,rotation
easonta01,4.0,221.0,11.8,0.108,0.1,2.8,3.6,4,2.7,0.48,11.8,15.93,rotation
terryda01,4.0,218.0,3.1,0.061,-2.6,-0.3,0.0,5,-0.3,-1.82,3.6,11.42,bust
laravja01,4.0,218.0,8.2,0.085,-1.2,0.9,1.3,5,1.2,-1.44,7.3,11.12,rotation
branhma01,4.0,216.0,0.1,0.001,-4.9,-2.9,-2.2,4,-2.9,-4.05,0.1,11.05,bust
braunch01,4.0,281.0,16.4,0.114,-1.0,1.8,0.3,4,1.8,-1.3,16.3,12.75,rotation
kesslwa01,4.0,201.0,17.1,0.161,2.0,5.1,3.3,4,5.1,2.23,17.1,20.02,starter
roddyda01,4.0,173.0,2.0,0.033,-3.9,-1.4,2.9,5,-2.3,-4.24,1.8,9.2,bust
beaucma01,4.0,149.0,1.4,0.041,-3.8,-0.7,4.0,5,-0.9,-2.96,1.2,12.2,bust
weslebl01,4.0,187.0,-0.2,-0.004,-5.4,-2.2,-3.6,4,-2.2,-5.35,-0.2,8.57,bust
moorewe01,4.0,96.0,1.0,0.059,-2.5,-0.1,0.0,5,-0.2,-2.52,1.5,10.26,bust
jovicni01,4.0,154.0,4.7,0.073,-0.9,0.8,0.3,4,0.8,-1.57,4.6,11.68,rotation
baldwpa01,4.0,102.0,0.7,0.034,-3.3,-0.3,30.7,5,-0.1,5.06,0.7,19.42,bust
washity02,4.0,74.0,-0.2,-0.012,-5.7,-0.7,1.9,4,-0.7,-5.15,-0.2,8.0,bust
watsope01,4.0,225.0,7.8,0.076,-1.8,0.3,-1.2,4,0.3,-2.0,7.9,12.58,rotation
nembhan01,4.0,265.0,8.9,0.057,-2.2,-0.2,-0.8,4,-0.2,-2.12,8.8,12.18,bust
houstca01,4.0,186.0,4.2,0.081,-2.6,-0.4,0.3,4,-0.4,-1.95,4.2,10.07,bust
kolokch01,3.0,122.0,2.9,0.094,-3.6,-0.6,-2.8,5,-0.6,-4.85,2.9,8.22,bust
willija07,4.0,230.0,11.7,0.145,1.6,3.6,4.3,4,3.5,1.6,11.7,13.52,starter
chrisma02,4.0,263.0,6.7,0.055,-2.4,-0.6,-1.5,5,-1.1,-2.88,6.7,9.4,bust
prociga01,,,,,,,,0,,,,,bust
hardyja02,4.0,235.0,0.5,0.007,-4.1,-1.8,-2.3,5,-1.9,-3.94,0.6,11.54,bust
chandke01,2.0,47.0,0.5,0.035,-4.4,-0.4,-2.7,3,-0.3,-4.2,0.5,11.8,bust
diopkh01,,,,,,,,0,,,,,bust
mcgowbr01,4.0,160.0,2.3,0.043,-4.7,-1.7,-2.9,4,-1.7,-6.85,2.3,7.47,bust
liddeej01,3.0,46.0,0.6,0.07,-3.5,-0.2,-3.3,4,-0.1,-4.03,0.6,9.33,bust
keelstr01,2.0,11.0,-0.1,-0.15,-14.0,-0.1,-13.0,3,0.0,-13.75,-0.1,3.25,bust
diabamo01,4.0,177.0,11.4,0.162,0.2,1.9,3.5,4,1.9,0.13,11.3,18.15,rotation
rolliry01,4.0,155.0,5.1,0.074,-0.1,1.6,9.2,5,0.4,0.88,1.9,15.16,rotation
minotjo01,4.0,142.0,4.0,0.148,2.3,1.4,5.1,5,2.1,2.08,5.9,17.08,rotation
kamagis01,,,,,,,,0,,,,,bust
willivi01,4.0,134.0,3.2,0.054,-1.5,0.4,-0.7,5,0.6,-2.78,3.4,9.48,rotation
brownke03,2.0,21.0,0.1,0.055,-5.3,-0.1,-2.9,2,-0.1,-4.85,0.2,8.35,bust
mobleis01,3.0,23.0,0.3,0.09,-3.0,0.0,4.7,3,-0.1,-1.1,0.2,13.13,bust
spagnma01,,,,,,,,0,,,,,bust
martity01,3.0,122.0,1.0,0.022,-3.0,-0.5,-2.6,5,-0.8,-4.12,1.2,9.93,bust
matkoka01,2.0,104.0,4.3,0.12,-0.6,0.6,0.7,2,0.6,-0.65,4.3,16.05,rotation
davisjd01,4.0,64.0,0.6,0.066,-2.3,0.0,3.3,4,0.0,-2.05,0.6,11.7,rotation
nzosaya01,,,,,,,,0,,,,,bust
santogu01,3.0,147.0,5.2,0.105,-0.9,0.7,-0.5,3,0.7,-0.93,5.1,13.83,rotation
travelu01,2.0,24.0,-0.1,-0.025,-6.2,-0.2,-3.2,2,-0.2,-6.45,0.0,6.05,bust
walkeja01,4.0,252.0,6.8,0.085,-3.1,-1.1,-0.8,4,-1.1,-3.23,6.8,12.53,bust
bessohu01,,,,,,,,0,,,,,bust
